Provincia;Municipio;URL
Avila;Adanero;http://www.axesor.es/directorio-informacion-empresas/empresas-de-Avila/informacion-empresas-de-Adanero/1
Avila;Adrada (la);http://www.axesor.es/directorio-informacion-empresas/empresas-de-Avila/informacion-empresas-de-Adrada-La-/1
Avila;Albornos;http://www.axesor.es/directorio-informacion-empresas/empresas-de-Avila/informacion-empresas-de-Albornos/1
Avila;Aldeanueva De Santa Cruz;http://www.axesor.es/directorio-informacion-empresas/empresas-de-Avila/informacion-empresas-de-Aldeanueva-De-Santa-Cruz/1
Avila;Aldeaseca;http://www.axesor.es/directorio-informacion-empresas/empresas-de-Avila/informacion-empresas-de-Aldeaseca/1
Avila;Aldehuela (la);http://www.axesor.es/directorio-informacion-empresas/empresas-de-Avila/informacion-empresas-de-Aldehuela-La-/1
Avila;Amavida;http://www.axesor.es/directorio-informacion-empresas/empresas-de-Avila/informacion-empresas-de-Amavida/1
Avila;Arenal (el);http://www.axesor.es/directorio-informacion-empresas/empresas-de-Avila/informacion-empresas-de-Arenal-El-/1
Avila;Arenas De San Pedro;http://www.axesor.es/directorio-informacion-empresas/empresas-de-Avila/informacion-empresas-de-Arenas-De-San-Pedro/1
Avila;Arevalillo;http://www.axesor.es/directorio-informacion-empresas/empresas-de-Avila/informacion-empresas-de-Arevalillo/1
Avila;Arevalo;http://www.axesor.es/directorio-informacion-empresas/empresas-de-Avila/informacion-empresas-de-Arevalo/1
Avila;Aveinte;http://www.axesor.es/directorio-informacion-empresas/empresas-de-Avila/informacion-empresas-de-Aveinte/1
Avila;Avellaneda;http://www.axesor.es/directorio-informacion-empresas/empresas-de-Avila/informacion-empresas-de-Avellaneda/1
Avila;Avila;http://www.axesor.es/directorio-informacion-empresas/empresas-de-Avila/informacion-empresas-de-Avila/1
Avila;Barco De Avila (el);http://www.axesor.es/directorio-informacion-empresas/empresas-de-Avila/informacion-empresas-de-Barco-De-Avila-El-/1
Avila;Barraco (el);http://www.axesor.es/directorio-informacion-empresas/empresas-de-Avila/informacion-empresas-de-Barraco-El-/1
Avila;Barroman;http://www.axesor.es/directorio-informacion-empresas/empresas-de-Avila/informacion-empresas-de-Barroman/1
Avila;Becedas;http://www.axesor.es/directorio-informacion-empresas/empresas-de-Avila/informacion-empresas-de-Becedas/1
Avila;Becedillas;http://www.axesor.es/directorio-informacion-empresas/empresas-de-Avila/informacion-empresas-de-Becedillas/1
Avila;Bercial De Zapardiel;http://www.axesor.es/directorio-informacion-empresas/empresas-de-Avila/informacion-empresas-de-Bercial-De-Zapardiel/1
Avila;Berlanas (las);http://www.axesor.es/directorio-informacion-empresas/empresas-de-Avila/informacion-empresas-de-Berlanas-Las-/1
Avila;Bernuy-zapardiel;http://www.axesor.es/directorio-informacion-empresas/empresas-de-Avila/informacion-empresas-de-Bernuy-Zapardiel/1
Avila;Berrocalejo De Aragona;http://www.axesor.es/directorio-informacion-empresas/empresas-de-Avila/informacion-empresas-de-Berrocalejo-De-Aragona/1
Avila;Blascomillan;http://www.axesor.es/directorio-informacion-empresas/empresas-de-Avila/informacion-empresas-de-Blascomillan/1
Avila;Blasconuño De Matacabras;http://www.axesor.es/directorio-informacion-empresas/empresas-de-Avila/informacion-empresas-de-Blasconuno-De-Matacabras/1
Avila;Blascosancho;http://www.axesor.es/directorio-informacion-empresas/empresas-de-Avila/informacion-empresas-de-Blascosancho/1
Avila;Bohodon (el);http://www.axesor.es/directorio-informacion-empresas/empresas-de-Avila/informacion-empresas-de-Bohodon-El-/1
Avila;Bohoyo;http://www.axesor.es/directorio-informacion-empresas/empresas-de-Avila/informacion-empresas-de-Bohoyo/1
Avila;Bonilla De La Sierra;http://www.axesor.es/directorio-informacion-empresas/empresas-de-Avila/informacion-empresas-de-Bonilla-De-La-Sierra/1
Avila;Brabos;http://www.axesor.es/directorio-informacion-empresas/empresas-de-Avila/informacion-empresas-de-Brabos/1
Avila;Bularros;http://www.axesor.es/directorio-informacion-empresas/empresas-de-Avila/informacion-empresas-de-Bularros/1
Avila;Burgohondo;http://www.axesor.es/directorio-informacion-empresas/empresas-de-Avila/informacion-empresas-de-Burgohondo/1
Avila;Cabezas De Alambre;http://www.axesor.es/directorio-informacion-empresas/empresas-de-Avila/informacion-empresas-de-Cabezas-De-Alambre/1
Avila;Cabezas Del Pozo;http://www.axesor.es/directorio-informacion-empresas/empresas-de-Avila/informacion-empresas-de-Cabezas-Del-Pozo/1
Avila;Cabezas Del Villar;http://www.axesor.es/directorio-informacion-empresas/empresas-de-Avila/informacion-empresas-de-Cabezas-Del-Villar/1
Avila;Cabizuela;http://www.axesor.es/directorio-informacion-empresas/empresas-de-Avila/informacion-empresas-de-Cabizuela/1
Avila;Canales;http://www.axesor.es/directorio-informacion-empresas/empresas-de-Avila/informacion-empresas-de-Canales/1
Avila;Candeleda;http://www.axesor.es/directorio-informacion-empresas/empresas-de-Avila/informacion-empresas-de-Candeleda/1
Avila;Cantiveros;http://www.axesor.es/directorio-informacion-empresas/empresas-de-Avila/informacion-empresas-de-Cantiveros/1
Avila;Cardeñosa;http://www.axesor.es/directorio-informacion-empresas/empresas-de-Avila/informacion-empresas-de-Cardenosa/1
Avila;Carrera (la);http://www.axesor.es/directorio-informacion-empresas/empresas-de-Avila/informacion-empresas-de-Carrera-La-/1
Avila;Casas Del Puerto De Villatoro;http://www.axesor.es/directorio-informacion-empresas/empresas-de-Avila/informacion-empresas-de-Casas-Del-Puerto-De-Villatoro/1
Avila;Casasola;http://www.axesor.es/directorio-informacion-empresas/empresas-de-Avila/informacion-empresas-de-Casasola/1
Avila;Casavieja;http://www.axesor.es/directorio-informacion-empresas/empresas-de-Avila/informacion-empresas-de-Casavieja/1
Avila;Casillas;http://www.axesor.es/directorio-informacion-empresas/empresas-de-Avila/informacion-empresas-de-Casillas/1
Avila;Castellanos De Zapardiel;http://www.axesor.es/directorio-informacion-empresas/empresas-de-Avila/informacion-empresas-de-Castellanos-De-Zapardiel/1
Avila;Cebreros;http://www.axesor.es/directorio-informacion-empresas/empresas-de-Avila/informacion-empresas-de-Cebreros/1
Avila;Cepeda La Mora;http://www.axesor.es/directorio-informacion-empresas/empresas-de-Avila/informacion-empresas-de-Cepeda-La-Mora/1
Avila;Chamartin;http://www.axesor.es/directorio-informacion-empresas/empresas-de-Avila/informacion-empresas-de-Chamartin/1
Avila;Cillan;http://www.axesor.es/directorio-informacion-empresas/empresas-de-Avila/informacion-empresas-de-Cillan/1
Avila;Cisla;http://www.axesor.es/directorio-informacion-empresas/empresas-de-Avila/informacion-empresas-de-Cisla/1
Avila;Colilla (la);http://www.axesor.es/directorio-informacion-empresas/empresas-de-Avila/informacion-empresas-de-Colilla-La-/1
Avila;Collado De Contreras;http://www.axesor.es/directorio-informacion-empresas/empresas-de-Avila/informacion-empresas-de-Collado-De-Contreras/1
Avila;Collado Del Miron;http://www.axesor.es/directorio-informacion-empresas/empresas-de-Avila/informacion-empresas-de-Collado-Del-Miron/1
Avila;Constanzana;http://www.axesor.es/directorio-informacion-empresas/empresas-de-Avila/informacion-empresas-de-Constanzana/1
Avila;Crespos;http://www.axesor.es/directorio-informacion-empresas/empresas-de-Avila/informacion-empresas-de-Crespos/1
Avila;Cuevas Del Valle;http://www.axesor.es/directorio-informacion-empresas/empresas-de-Avila/informacion-empresas-de-Cuevas-Del-Valle/1
Avila;Diego Del Carpio;http://www.axesor.es/directorio-informacion-empresas/empresas-de-Avila/informacion-empresas-de-Diego-Del-Carpio/1
Avila;Donjimeno;http://www.axesor.es/directorio-informacion-empresas/empresas-de-Avila/informacion-empresas-de-Donjimeno/1
Avila;Donvidas;http://www.axesor.es/directorio-informacion-empresas/empresas-de-Avila/informacion-empresas-de-Donvidas/1
Avila;Espinosa De Los Caballeros;http://www.axesor.es/directorio-informacion-empresas/empresas-de-Avila/informacion-empresas-de-Espinosa-De-Los-Caballeros/1
Avila;Flores De Avila;http://www.axesor.es/directorio-informacion-empresas/empresas-de-Avila/informacion-empresas-de-Flores-De-Avila/1
Avila;Fontiveros;http://www.axesor.es/directorio-informacion-empresas/empresas-de-Avila/informacion-empresas-de-Fontiveros/1
Avila;Fresnedilla;http://www.axesor.es/directorio-informacion-empresas/empresas-de-Avila/informacion-empresas-de-Fresnedilla/1
Avila;Fresno (el);http://www.axesor.es/directorio-informacion-empresas/empresas-de-Avila/informacion-empresas-de-Fresno-El-/1
Avila;Fuente El Sauz;http://www.axesor.es/directorio-informacion-empresas/empresas-de-Avila/informacion-empresas-de-Fuente-El-Sauz/1
Avila;Fuentes De Año;http://www.axesor.es/directorio-informacion-empresas/empresas-de-Avila/informacion-empresas-de-Fuentes-De-Ano/1
Avila;Gallegos De Altamiros;http://www.axesor.es/directorio-informacion-empresas/empresas-de-Avila/informacion-empresas-de-Gallegos-De-Altamiros/1
Avila;Gallegos De Sobrinos;http://www.axesor.es/directorio-informacion-empresas/empresas-de-Avila/informacion-empresas-de-Gallegos-De-Sobrinos/1
Avila;Garganta Del Villar;http://www.axesor.es/directorio-informacion-empresas/empresas-de-Avila/informacion-empresas-de-Garganta-Del-Villar/1
Avila;Gavilanes;http://www.axesor.es/directorio-informacion-empresas/empresas-de-Avila/informacion-empresas-de-Gavilanes/1
Avila;Gemuño;http://www.axesor.es/directorio-informacion-empresas/empresas-de-Avila/informacion-empresas-de-Gemuno/1
Avila;Gil Garcia;http://www.axesor.es/directorio-informacion-empresas/empresas-de-Avila/informacion-empresas-de-Gil-Garcia/1
Avila;Gilbuena;http://www.axesor.es/directorio-informacion-empresas/empresas-de-Avila/informacion-empresas-de-Gilbuena/1
Avila;Gimialcon;http://www.axesor.es/directorio-informacion-empresas/empresas-de-Avila/informacion-empresas-de-Gimialcon/1
Avila;Gotarrendura;http://www.axesor.es/directorio-informacion-empresas/empresas-de-Avila/informacion-empresas-de-Gotarrendura/1
Avila;Grandes Y San Martin;http://www.axesor.es/directorio-informacion-empresas/empresas-de-Avila/informacion-empresas-de-Grandes-Y-San-Martin/1
Avila;Guisando;http://www.axesor.es/directorio-informacion-empresas/empresas-de-Avila/informacion-empresas-de-Guisando/1
Avila;Gutierre-muñoz;http://www.axesor.es/directorio-informacion-empresas/empresas-de-Avila/informacion-empresas-de-Gutierre-Munoz/1
Avila;Hernansancho;http://www.axesor.es/directorio-informacion-empresas/empresas-de-Avila/informacion-empresas-de-Hernansancho/1
Avila;Herradon De Pinares;http://www.axesor.es/directorio-informacion-empresas/empresas-de-Avila/informacion-empresas-de-Herradon-De-Pinares/1
Avila;Herreros De Suso;http://www.axesor.es/directorio-informacion-empresas/empresas-de-Avila/informacion-empresas-de-Herreros-De-Suso/1
Avila;Higuera De Las Dueñas;http://www.axesor.es/directorio-informacion-empresas/empresas-de-Avila/informacion-empresas-de-Higuera-De-Las-Duenas/1
Avila;Horcajada (la);http://www.axesor.es/directorio-informacion-empresas/empresas-de-Avila/informacion-empresas-de-Horcajada-La-/1
Avila;Horcajo De Las Torres;http://www.axesor.es/directorio-informacion-empresas/empresas-de-Avila/informacion-empresas-de-Horcajo-De-Las-Torres/1
Avila;Hornillo (el);http://www.axesor.es/directorio-informacion-empresas/empresas-de-Avila/informacion-empresas-de-Hornillo-El-/1
Avila;Hoyo De Pinares (el);http://www.axesor.es/directorio-informacion-empresas/empresas-de-Avila/informacion-empresas-de-Hoyo-De-Pinares-El-/1
Avila;Hoyocasero;http://www.axesor.es/directorio-informacion-empresas/empresas-de-Avila/informacion-empresas-de-Hoyocasero/1
Avila;Hoyorredondo;http://www.axesor.es/directorio-informacion-empresas/empresas-de-Avila/informacion-empresas-de-Hoyorredondo/1
Avila;Hoyos De Miguel Muñoz;http://www.axesor.es/directorio-informacion-empresas/empresas-de-Avila/informacion-empresas-de-Hoyos-De-Miguel-Munoz/1
Avila;Hoyos Del Collado;http://www.axesor.es/directorio-informacion-empresas/empresas-de-Avila/informacion-empresas-de-Hoyos-Del-Collado/1
Avila;Hoyos Del Espino;http://www.axesor.es/directorio-informacion-empresas/empresas-de-Avila/informacion-empresas-de-Hoyos-Del-Espino/1
Avila;Hurtumpascual;http://www.axesor.es/directorio-informacion-empresas/empresas-de-Avila/informacion-empresas-de-Hurtumpascual/1
Avila;Junciana;http://www.axesor.es/directorio-informacion-empresas/empresas-de-Avila/informacion-empresas-de-Junciana/1
Avila;Langa;http://www.axesor.es/directorio-informacion-empresas/empresas-de-Avila/informacion-empresas-de-Langa/1
Avila;Lanzahita;http://www.axesor.es/directorio-informacion-empresas/empresas-de-Avila/informacion-empresas-de-Lanzahita/1
Avila;Llanos De Tormes (los);http://www.axesor.es/directorio-informacion-empresas/empresas-de-Avila/informacion-empresas-de-Llanos-De-Tormes-Los-/1
Avila;Losar Del Barco (el);http://www.axesor.es/directorio-informacion-empresas/empresas-de-Avila/informacion-empresas-de-Losar-Del-Barco-El-/1
Avila;Madrigal De Las Altas Torres;http://www.axesor.es/directorio-informacion-empresas/empresas-de-Avila/informacion-empresas-de-Madrigal-De-Las-Altas-Torres/1
Avila;Maello;http://www.axesor.es/directorio-informacion-empresas/empresas-de-Avila/informacion-empresas-de-Maello/1
Avila;Malpartida De Corneja;http://www.axesor.es/directorio-informacion-empresas/empresas-de-Avila/informacion-empresas-de-Malpartida-De-Corneja/1
Avila;Mamblas;http://www.axesor.es/directorio-informacion-empresas/empresas-de-Avila/informacion-empresas-de-Mamblas/1
Avila;Mancera De Arriba;http://www.axesor.es/directorio-informacion-empresas/empresas-de-Avila/informacion-empresas-de-Mancera-De-Arriba/1
Avila;Manjabalago;http://www.axesor.es/directorio-informacion-empresas/empresas-de-Avila/informacion-empresas-de-Manjabalago/1
Avila;Marlin;http://www.axesor.es/directorio-informacion-empresas/empresas-de-Avila/informacion-empresas-de-Marlin/1
Avila;Martiherrero;http://www.axesor.es/directorio-informacion-empresas/empresas-de-Avila/informacion-empresas-de-Martiherrero/1
Avila;Martinez;http://www.axesor.es/directorio-informacion-empresas/empresas-de-Avila/informacion-empresas-de-Martinez/1
Avila;Mediana De Voltoya;http://www.axesor.es/directorio-informacion-empresas/empresas-de-Avila/informacion-empresas-de-Mediana-De-Voltoya/1
Avila;Medinilla;http://www.axesor.es/directorio-informacion-empresas/empresas-de-Avila/informacion-empresas-de-Medinilla/1
Avila;Mengamuñoz;http://www.axesor.es/directorio-informacion-empresas/empresas-de-Avila/informacion-empresas-de-Mengamunoz/1
Avila;Mesegar De Corneja;http://www.axesor.es/directorio-informacion-empresas/empresas-de-Avila/informacion-empresas-de-Mesegar-De-Corneja/1
Avila;Mijares;http://www.axesor.es/directorio-informacion-empresas/empresas-de-Avila/informacion-empresas-de-Mijares/1
Avila;Mingorria;http://www.axesor.es/directorio-informacion-empresas/empresas-de-Avila/informacion-empresas-de-Mingorria/1
Avila;Miron (el);http://www.axesor.es/directorio-informacion-empresas/empresas-de-Avila/informacion-empresas-de-Miron-El-/1
Avila;Mironcillo;http://www.axesor.es/directorio-informacion-empresas/empresas-de-Avila/informacion-empresas-de-Mironcillo/1
Avila;Mirueña De Los Infanzones;http://www.axesor.es/directorio-informacion-empresas/empresas-de-Avila/informacion-empresas-de-Miruena-De-Los-Infanzones/1
Avila;Mombeltran;http://www.axesor.es/directorio-informacion-empresas/empresas-de-Avila/informacion-empresas-de-Mombeltran/1
Avila;Monsalupe;http://www.axesor.es/directorio-informacion-empresas/empresas-de-Avila/informacion-empresas-de-Monsalupe/1
Avila;Moraleja De Matacabras;http://www.axesor.es/directorio-informacion-empresas/empresas-de-Avila/informacion-empresas-de-Moraleja-De-Matacabras/1
Avila;Muñana;http://www.axesor.es/directorio-informacion-empresas/empresas-de-Avila/informacion-empresas-de-Munana/1
Avila;Muñico;http://www.axesor.es/directorio-informacion-empresas/empresas-de-Avila/informacion-empresas-de-Munico/1
Avila;Muñogalindo;http://www.axesor.es/directorio-informacion-empresas/empresas-de-Avila/informacion-empresas-de-Munogalindo/1
Avila;Muñogrande;http://www.axesor.es/directorio-informacion-empresas/empresas-de-Avila/informacion-empresas-de-Munogrande/1
Avila;Muñomer Del Peco;http://www.axesor.es/directorio-informacion-empresas/empresas-de-Avila/informacion-empresas-de-Munomer-Del-Peco/1
Avila;Muñopepe;http://www.axesor.es/directorio-informacion-empresas/empresas-de-Avila/informacion-empresas-de-Munopepe/1
Avila;Muñosancho;http://www.axesor.es/directorio-informacion-empresas/empresas-de-Avila/informacion-empresas-de-Munosancho/1
Avila;Muñotello;http://www.axesor.es/directorio-informacion-empresas/empresas-de-Avila/informacion-empresas-de-Munotello/1
Avila;Narrillos Del Alamo;http://www.axesor.es/directorio-informacion-empresas/empresas-de-Avila/informacion-empresas-de-Narrillos-Del-Alamo/1
Avila;Narrillos Del Rebollar;http://www.axesor.es/directorio-informacion-empresas/empresas-de-Avila/informacion-empresas-de-Narrillos-Del-Rebollar/1
Avila;Narros De Saldueña;http://www.axesor.es/directorio-informacion-empresas/empresas-de-Avila/informacion-empresas-de-Narros-De-Salduena/1
Avila;Narros Del Castillo;http://www.axesor.es/directorio-informacion-empresas/empresas-de-Avila/informacion-empresas-de-Narros-Del-Castillo/1
Avila;Narros Del Puerto;http://www.axesor.es/directorio-informacion-empresas/empresas-de-Avila/informacion-empresas-de-Narros-Del-Puerto/1
Avila;Nava De Arevalo;http://www.axesor.es/directorio-informacion-empresas/empresas-de-Avila/informacion-empresas-de-Nava-De-Arevalo/1
Avila;Nava Del Barco;http://www.axesor.es/directorio-informacion-empresas/empresas-de-Avila/informacion-empresas-de-Nava-Del-Barco/1
Avila;Navacepedilla De Corneja;http://www.axesor.es/directorio-informacion-empresas/empresas-de-Avila/informacion-empresas-de-Navacepedilla-De-Corneja/1
Avila;Navadijos;http://www.axesor.es/directorio-informacion-empresas/empresas-de-Avila/informacion-empresas-de-Navadijos/1
Avila;Navaescurial;http://www.axesor.es/directorio-informacion-empresas/empresas-de-Avila/informacion-empresas-de-Navaescurial/1
Avila;Navahondilla;http://www.axesor.es/directorio-informacion-empresas/empresas-de-Avila/informacion-empresas-de-Navahondilla/1
Avila;Navalacruz;http://www.axesor.es/directorio-informacion-empresas/empresas-de-Avila/informacion-empresas-de-Navalacruz/1
Avila;Navalmoral;http://www.axesor.es/directorio-informacion-empresas/empresas-de-Avila/informacion-empresas-de-Navalmoral/1
Avila;Navalonguilla;http://www.axesor.es/directorio-informacion-empresas/empresas-de-Avila/informacion-empresas-de-Navalonguilla/1
Avila;Navalosa;http://www.axesor.es/directorio-informacion-empresas/empresas-de-Avila/informacion-empresas-de-Navalosa/1
Avila;Navalperal De Pinares;http://www.axesor.es/directorio-informacion-empresas/empresas-de-Avila/informacion-empresas-de-Navalperal-De-Pinares/1
Avila;Navalperal De Tormes;http://www.axesor.es/directorio-informacion-empresas/empresas-de-Avila/informacion-empresas-de-Navalperal-De-Tormes/1
Avila;Navaluenga;http://www.axesor.es/directorio-informacion-empresas/empresas-de-Avila/informacion-empresas-de-Navaluenga/1
Avila;Navaquesera;http://www.axesor.es/directorio-informacion-empresas/empresas-de-Avila/informacion-empresas-de-Navaquesera/1
Avila;Navarredonda De Gredos;http://www.axesor.es/directorio-informacion-empresas/empresas-de-Avila/informacion-empresas-de-Navarredonda-De-Gredos/1
Avila;Navarredondilla;http://www.axesor.es/directorio-informacion-empresas/empresas-de-Avila/informacion-empresas-de-Navarredondilla/1
Avila;Navarrevisca;http://www.axesor.es/directorio-informacion-empresas/empresas-de-Avila/informacion-empresas-de-Navarrevisca/1
Avila;Navas Del Marques (las);http://www.axesor.es/directorio-informacion-empresas/empresas-de-Avila/informacion-empresas-de-Navas-Del-Marques-Las-/1
Avila;Navatalgordo;http://www.axesor.es/directorio-informacion-empresas/empresas-de-Avila/informacion-empresas-de-Navatalgordo/1
Avila;Navatejares;http://www.axesor.es/directorio-informacion-empresas/empresas-de-Avila/informacion-empresas-de-Navatejares/1
Avila;Neila De San Miguel;http://www.axesor.es/directorio-informacion-empresas/empresas-de-Avila/informacion-empresas-de-Neila-De-San-Miguel/1
Avila;Niharra;http://www.axesor.es/directorio-informacion-empresas/empresas-de-Avila/informacion-empresas-de-Niharra/1
Avila;Ojos-albos;http://www.axesor.es/directorio-informacion-empresas/empresas-de-Avila/informacion-empresas-de-Ojos-Albos/1
Avila;Orbita;http://www.axesor.es/directorio-informacion-empresas/empresas-de-Avila/informacion-empresas-de-Orbita/1
Avila;Oso (el);http://www.axesor.es/directorio-informacion-empresas/empresas-de-Avila/informacion-empresas-de-Oso-El-/1
Avila;Padiernos;http://www.axesor.es/directorio-informacion-empresas/empresas-de-Avila/informacion-empresas-de-Padiernos/1
Avila;Pajares De Adaja;http://www.axesor.es/directorio-informacion-empresas/empresas-de-Avila/informacion-empresas-de-Pajares-De-Adaja/1
Avila;Palacios De Goda;http://www.axesor.es/directorio-informacion-empresas/empresas-de-Avila/informacion-empresas-de-Palacios-De-Goda/1
Avila;Papatrigo;http://www.axesor.es/directorio-informacion-empresas/empresas-de-Avila/informacion-empresas-de-Papatrigo/1
Avila;Parral (el);http://www.axesor.es/directorio-informacion-empresas/empresas-de-Avila/informacion-empresas-de-Parral-El-/1
Avila;Pascualcobo;http://www.axesor.es/directorio-informacion-empresas/empresas-de-Avila/informacion-empresas-de-Pascualcobo/1
Avila;Pedro Bernardo;http://www.axesor.es/directorio-informacion-empresas/empresas-de-Avila/informacion-empresas-de-Pedro-Bernardo/1
Avila;Pedro-rodriguez;http://www.axesor.es/directorio-informacion-empresas/empresas-de-Avila/informacion-empresas-de-Pedro-Rodriguez/1
Avila;Peguerinos;http://www.axesor.es/directorio-informacion-empresas/empresas-de-Avila/informacion-empresas-de-Peguerinos/1
Avila;Peñalba De Avila;http://www.axesor.es/directorio-informacion-empresas/empresas-de-Avila/informacion-empresas-de-Penalba-De-Avila/1
Avila;Piedrahita;http://www.axesor.es/directorio-informacion-empresas/empresas-de-Avila/informacion-empresas-de-Piedrahita/1
Avila;Piedralaves;http://www.axesor.es/directorio-informacion-empresas/empresas-de-Avila/informacion-empresas-de-Piedralaves/1
Avila;Poveda;http://www.axesor.es/directorio-informacion-empresas/empresas-de-Avila/informacion-empresas-de-Poveda/1
Avila;Poyales Del Hoyo;http://www.axesor.es/directorio-informacion-empresas/empresas-de-Avila/informacion-empresas-de-Poyales-Del-Hoyo/1
Avila;Pozanco;http://www.axesor.es/directorio-informacion-empresas/empresas-de-Avila/informacion-empresas-de-Pozanco/1
Avila;Pradosegar;http://www.axesor.es/directorio-informacion-empresas/empresas-de-Avila/informacion-empresas-de-Pradosegar/1
Avila;Puerto Castilla;http://www.axesor.es/directorio-informacion-empresas/empresas-de-Avila/informacion-empresas-de-Puerto-Castilla/1
Avila;Rasueros;http://www.axesor.es/directorio-informacion-empresas/empresas-de-Avila/informacion-empresas-de-Rasueros/1
Avila;Riocabado;http://www.axesor.es/directorio-informacion-empresas/empresas-de-Avila/informacion-empresas-de-Riocabado/1
Avila;Riofrio;http://www.axesor.es/directorio-informacion-empresas/empresas-de-Avila/informacion-empresas-de-Riofrio/1
Avila;Rivilla De Barajas;http://www.axesor.es/directorio-informacion-empresas/empresas-de-Avila/informacion-empresas-de-Rivilla-De-Barajas/1
Avila;Salobral;http://www.axesor.es/directorio-informacion-empresas/empresas-de-Avila/informacion-empresas-de-Salobral/1
Avila;Salvadios;http://www.axesor.es/directorio-informacion-empresas/empresas-de-Avila/informacion-empresas-de-Salvadios/1
Avila;San Bartolome De Bejar;http://www.axesor.es/directorio-informacion-empresas/empresas-de-Avila/informacion-empresas-de-San-Bartolome-De-Bejar/1
Avila;San Bartolome De Corneja;http://www.axesor.es/directorio-informacion-empresas/empresas-de-Avila/informacion-empresas-de-San-Bartolome-De-Corneja/1
Avila;San Bartolome De Pinares;http://www.axesor.es/directorio-informacion-empresas/empresas-de-Avila/informacion-empresas-de-San-Bartolome-De-Pinares/1
Avila;San Esteban De Los Patos;http://www.axesor.es/directorio-informacion-empresas/empresas-de-Avila/informacion-empresas-de-San-Esteban-De-Los-Patos/1
Avila;San Esteban De Zapardiel;http://www.axesor.es/directorio-informacion-empresas/empresas-de-Avila/informacion-empresas-de-San-Esteban-De-Zapardiel/1
Avila;San Esteban Del Valle;http://www.axesor.es/directorio-informacion-empresas/empresas-de-Avila/informacion-empresas-de-San-Esteban-Del-Valle/1
Avila;San Garcia De Ingelmos;http://www.axesor.es/directorio-informacion-empresas/empresas-de-Avila/informacion-empresas-de-San-Garcia-De-Ingelmos/1
Avila;San Juan De Gredos;http://www.axesor.es/directorio-informacion-empresas/empresas-de-Avila/informacion-empresas-de-San-Juan-De-Gredos/1
Avila;San Juan De La Encinilla;http://www.axesor.es/directorio-informacion-empresas/empresas-de-Avila/informacion-empresas-de-San-Juan-De-La-Encinilla/1
Avila;San Juan De La Nava;http://www.axesor.es/directorio-informacion-empresas/empresas-de-Avila/informacion-empresas-de-San-Juan-De-La-Nava/1
Avila;San Juan Del Molinillo;http://www.axesor.es/directorio-informacion-empresas/empresas-de-Avila/informacion-empresas-de-San-Juan-Del-Molinillo/1
Avila;San Juan Del Olmo;http://www.axesor.es/directorio-informacion-empresas/empresas-de-Avila/informacion-empresas-de-San-Juan-Del-Olmo/1
Avila;San Lorenzo De Tormes;http://www.axesor.es/directorio-informacion-empresas/empresas-de-Avila/informacion-empresas-de-San-Lorenzo-De-Tormes/1
Avila;San Martin De La Vega Del Alberche;http://www.axesor.es/directorio-informacion-empresas/empresas-de-Avila/informacion-empresas-de-San-Martin-De-La-Vega-Del-Alberche/1
Avila;San Martin Del Pimpollar;http://www.axesor.es/directorio-informacion-empresas/empresas-de-Avila/informacion-empresas-de-San-Martin-Del-Pimpollar/1
Avila;San Miguel De Corneja;http://www.axesor.es/directorio-informacion-empresas/empresas-de-Avila/informacion-empresas-de-San-Miguel-De-Corneja/1
Avila;San Miguel De Serrezuela;http://www.axesor.es/directorio-informacion-empresas/empresas-de-Avila/informacion-empresas-de-San-Miguel-De-Serrezuela/1
Avila;San Pascual;http://www.axesor.es/directorio-informacion-empresas/empresas-de-Avila/informacion-empresas-de-San-Pascual/1
Avila;San Pedro Del Arroyo;http://www.axesor.es/directorio-informacion-empresas/empresas-de-Avila/informacion-empresas-de-San-Pedro-Del-Arroyo/1
Avila;San Vicente De Arevalo;http://www.axesor.es/directorio-informacion-empresas/empresas-de-Avila/informacion-empresas-de-San-Vicente-De-Arevalo/1
Avila;Sanchidrian;http://www.axesor.es/directorio-informacion-empresas/empresas-de-Avila/informacion-empresas-de-Sanchidrian/1
Avila;Sanchorreja;http://www.axesor.es/directorio-informacion-empresas/empresas-de-Avila/informacion-empresas-de-Sanchorreja/1
Avila;Santa Cruz De Pinares;http://www.axesor.es/directorio-informacion-empresas/empresas-de-Avila/informacion-empresas-de-Santa-Cruz-De-Pinares/1
Avila;Santa Cruz Del Valle;http://www.axesor.es/directorio-informacion-empresas/empresas-de-Avila/informacion-empresas-de-Santa-Cruz-Del-Valle/1
Avila;Santa Maria De Los Caballeros;http://www.axesor.es/directorio-informacion-empresas/empresas-de-Avila/informacion-empresas-de-Santa-Maria-De-Los-Caballeros/1
Avila;Santa Maria Del Arroyo;http://www.axesor.es/directorio-informacion-empresas/empresas-de-Avila/informacion-empresas-de-Santa-Maria-Del-Arroyo/1
Avila;Santa Maria Del Berrocal;http://www.axesor.es/directorio-informacion-empresas/empresas-de-Avila/informacion-empresas-de-Santa-Maria-Del-Berrocal/1
Avila;Santa Maria Del Cubillo;http://www.axesor.es/directorio-informacion-empresas/empresas-de-Avila/informacion-empresas-de-Santa-Maria-Del-Cubillo/1
Avila;Santa Maria Del Tietar;http://www.axesor.es/directorio-informacion-empresas/empresas-de-Avila/informacion-empresas-de-Santa-Maria-Del-Tietar/1
Avila;Santiago De Tormes;http://www.axesor.es/directorio-informacion-empresas/empresas-de-Avila/informacion-empresas-de-Santiago-De-Tormes/1
Avila;Santiago Del Collado;http://www.axesor.es/directorio-informacion-empresas/empresas-de-Avila/informacion-empresas-de-Santiago-Del-Collado/1
Avila;Santo Domingo De Las Posadas;http://www.axesor.es/directorio-informacion-empresas/empresas-de-Avila/informacion-empresas-de-Santo-Domingo-De-Las-Posadas/1
Avila;Santo Tome De Zabarcos;http://www.axesor.es/directorio-informacion-empresas/empresas-de-Avila/informacion-empresas-de-Santo-Tome-De-Zabarcos/1
Avila;Serrada (la);http://www.axesor.es/directorio-informacion-empresas/empresas-de-Avila/informacion-empresas-de-Serrada-La-/1
Avila;Serranillos;http://www.axesor.es/directorio-informacion-empresas/empresas-de-Avila/informacion-empresas-de-Serranillos/1
Avila;Sigeres;http://www.axesor.es/directorio-informacion-empresas/empresas-de-Avila/informacion-empresas-de-Sigeres/1
Avila;Sinlabajos;http://www.axesor.es/directorio-informacion-empresas/empresas-de-Avila/informacion-empresas-de-Sinlabajos/1
Avila;Solana De Avila;http://www.axesor.es/directorio-informacion-empresas/empresas-de-Avila/informacion-empresas-de-Solana-De-Avila/1
Avila;Solana De Rioalmar;http://www.axesor.es/directorio-informacion-empresas/empresas-de-Avila/informacion-empresas-de-Solana-De-Rioalmar/1
Avila;Solosancho;http://www.axesor.es/directorio-informacion-empresas/empresas-de-Avila/informacion-empresas-de-Solosancho/1
Avila;Sotalbo;http://www.axesor.es/directorio-informacion-empresas/empresas-de-Avila/informacion-empresas-de-Sotalbo/1
Avila;Sotillo De La Adrada;http://www.axesor.es/directorio-informacion-empresas/empresas-de-Avila/informacion-empresas-de-Sotillo-De-La-Adrada/1
Avila;Tiemblo (el);http://www.axesor.es/directorio-informacion-empresas/empresas-de-Avila/informacion-empresas-de-Tiemblo-El-/1
Avila;Tiñosillos;http://www.axesor.es/directorio-informacion-empresas/empresas-de-Avila/informacion-empresas-de-Tinosillos/1
Avila;Tolbaños;http://www.axesor.es/directorio-informacion-empresas/empresas-de-Avila/informacion-empresas-de-Tolbanos/1
Avila;Tormellas;http://www.axesor.es/directorio-informacion-empresas/empresas-de-Avila/informacion-empresas-de-Tormellas/1
Avila;Tornadizos De Avila;http://www.axesor.es/directorio-informacion-empresas/empresas-de-Avila/informacion-empresas-de-Tornadizos-De-Avila/1
Avila;Torre (la);http://www.axesor.es/directorio-informacion-empresas/empresas-de-Avila/informacion-empresas-de-Torre-La-/1
Avila;Tortoles;http://www.axesor.es/directorio-informacion-empresas/empresas-de-Avila/informacion-empresas-de-Tortoles/1
Avila;Umbrias;http://www.axesor.es/directorio-informacion-empresas/empresas-de-Avila/informacion-empresas-de-Umbrias/1
Avila;Vadillo De La Sierra;http://www.axesor.es/directorio-informacion-empresas/empresas-de-Avila/informacion-empresas-de-Vadillo-De-La-Sierra/1
Avila;Valdecasa;http://www.axesor.es/directorio-informacion-empresas/empresas-de-Avila/informacion-empresas-de-Valdecasa/1
Avila;Vega De Santa Maria;http://www.axesor.es/directorio-informacion-empresas/empresas-de-Avila/informacion-empresas-de-Vega-De-Santa-Maria/1
Avila;Velayos;http://www.axesor.es/directorio-informacion-empresas/empresas-de-Avila/informacion-empresas-de-Velayos/1
Avila;Villaflor;http://www.axesor.es/directorio-informacion-empresas/empresas-de-Avila/informacion-empresas-de-Villaflor/1
Avila;Villafranca De La Sierra;http://www.axesor.es/directorio-informacion-empresas/empresas-de-Avila/informacion-empresas-de-Villafranca-De-La-Sierra/1
Avila;Villanueva De Avila;http://www.axesor.es/directorio-informacion-empresas/empresas-de-Avila/informacion-empresas-de-Villanueva-De-Avila/1
Avila;Villanueva De Gomez;http://www.axesor.es/directorio-informacion-empresas/empresas-de-Avila/informacion-empresas-de-Villanueva-De-Gomez/1
Avila;Villanueva Del Aceral;http://www.axesor.es/directorio-informacion-empresas/empresas-de-Avila/informacion-empresas-de-Villanueva-Del-Aceral/1
Avila;Villanueva Del Campillo;http://www.axesor.es/directorio-informacion-empresas/empresas-de-Avila/informacion-empresas-de-Villanueva-Del-Campillo/1
Avila;Villar De Corneja;http://www.axesor.es/directorio-informacion-empresas/empresas-de-Avila/informacion-empresas-de-Villar-De-Corneja/1
Avila;Villarejo Del Valle;http://www.axesor.es/directorio-informacion-empresas/empresas-de-Avila/informacion-empresas-de-Villarejo-Del-Valle/1
Avila;Villatoro;http://www.axesor.es/directorio-informacion-empresas/empresas-de-Avila/informacion-empresas-de-Villatoro/1
Avila;Vita;http://www.axesor.es/directorio-informacion-empresas/empresas-de-Avila/informacion-empresas-de-Vita/1
Avila;Viñegra De Moraña;http://www.axesor.es/directorio-informacion-empresas/empresas-de-Avila/informacion-empresas-de-Vinegra-De-Morana/1
Avila;Zapardiel De La Cañada;http://www.axesor.es/directorio-informacion-empresas/empresas-de-Avila/informacion-empresas-de-Zapardiel-De-La-Canada/1
Avila;Zapardiel De La Ribera;http://www.axesor.es/directorio-informacion-empresas/empresas-de-Avila/informacion-empresas-de-Zapardiel-De-La-Ribera/1
