Provincia;Municipio;URL
Castellon;Ain;http://www.axesor.es/directorio-informacion-empresas/empresas-de-Castellon/informacion-empresas-de-Ain/1
Castellon;Albocasser;http://www.axesor.es/directorio-informacion-empresas/empresas-de-Castellon/informacion-empresas-de-Albocasser/1
Castellon;Alcala De Xivert;http://www.axesor.es/directorio-informacion-empresas/empresas-de-Castellon/informacion-empresas-de-Alcala-De-Xivert/1
Castellon;Alcora (l');http://www.axesor.es/directorio-informacion-empresas/empresas-de-Castellon/informacion-empresas-de-Alcora-L-/1
Castellon;Alcudia De Veo;http://www.axesor.es/directorio-informacion-empresas/empresas-de-Castellon/informacion-empresas-de-Alcudia-De-Veo/1
Castellon;Alfondeguilla;http://www.axesor.es/directorio-informacion-empresas/empresas-de-Castellon/informacion-empresas-de-Alfondeguilla/1
Castellon;Algimia De Almonacid;http://www.axesor.es/directorio-informacion-empresas/empresas-de-Castellon/informacion-empresas-de-Algimia-De-Almonacid/1
Castellon;Almazora/almassora;http://www.axesor.es/directorio-informacion-empresas/empresas-de-Castellon/informacion-empresas-de-Almazora-Almassora/1
Castellon;Almedijar;http://www.axesor.es/directorio-informacion-empresas/empresas-de-Castellon/informacion-empresas-de-Almedijar/1
Castellon;Almenara;http://www.axesor.es/directorio-informacion-empresas/empresas-de-Castellon/informacion-empresas-de-Almenara/1
Castellon;Alquerias Del Ni単o Perdido;http://www.axesor.es/directorio-informacion-empresas/empresas-de-Castellon/informacion-empresas-de-Alquerias-Del-Nino-Perdido/1
Castellon;Altura;http://www.axesor.es/directorio-informacion-empresas/empresas-de-Castellon/informacion-empresas-de-Altura/1
Castellon;Ara単uel;http://www.axesor.es/directorio-informacion-empresas/empresas-de-Castellon/informacion-empresas-de-Aranuel/1
Castellon;Ares Del Maestre;http://www.axesor.es/directorio-informacion-empresas/empresas-de-Castellon/informacion-empresas-de-Ares-Del-Maestre/1
Castellon;Argelita;http://www.axesor.es/directorio-informacion-empresas/empresas-de-Castellon/informacion-empresas-de-Argelita/1
Castellon;Artana;http://www.axesor.es/directorio-informacion-empresas/empresas-de-Castellon/informacion-empresas-de-Artana/1
Castellon;Atzeneta Del Maestrat;http://www.axesor.es/directorio-informacion-empresas/empresas-de-Castellon/informacion-empresas-de-Atzeneta-Del-Maestrat/1
Castellon;Ayodar;http://www.axesor.es/directorio-informacion-empresas/empresas-de-Castellon/informacion-empresas-de-Ayodar/1
Castellon;Azuebar;http://www.axesor.es/directorio-informacion-empresas/empresas-de-Castellon/informacion-empresas-de-Azuebar/1
Castellon;Barracas;http://www.axesor.es/directorio-informacion-empresas/empresas-de-Castellon/informacion-empresas-de-Barracas/1
Castellon;Bejis;http://www.axesor.es/directorio-informacion-empresas/empresas-de-Castellon/informacion-empresas-de-Bejis/1
Castellon;Benafer;http://www.axesor.es/directorio-informacion-empresas/empresas-de-Castellon/informacion-empresas-de-Benafer/1
Castellon;Benafigos;http://www.axesor.es/directorio-informacion-empresas/empresas-de-Castellon/informacion-empresas-de-Benafigos/1
Castellon;Benasal;http://www.axesor.es/directorio-informacion-empresas/empresas-de-Castellon/informacion-empresas-de-Benasal/1
Castellon;Benicarlo;http://www.axesor.es/directorio-informacion-empresas/empresas-de-Castellon/informacion-empresas-de-Benicarlo/1
Castellon;Benicasim/benicassim;http://www.axesor.es/directorio-informacion-empresas/empresas-de-Castellon/informacion-empresas-de-Benicasim-Benicassim/1
Castellon;Benlloch;http://www.axesor.es/directorio-informacion-empresas/empresas-de-Castellon/informacion-empresas-de-Benlloch/1
Castellon;Betxi;http://www.axesor.es/directorio-informacion-empresas/empresas-de-Castellon/informacion-empresas-de-Betxi/1
Castellon;Borriol;http://www.axesor.es/directorio-informacion-empresas/empresas-de-Castellon/informacion-empresas-de-Borriol/1
Castellon;Burriana;http://www.axesor.es/directorio-informacion-empresas/empresas-de-Castellon/informacion-empresas-de-Burriana/1
Castellon;Cabanes;http://www.axesor.es/directorio-informacion-empresas/empresas-de-Castellon/informacion-empresas-de-Cabanes/1
Castellon;Calig;http://www.axesor.es/directorio-informacion-empresas/empresas-de-Castellon/informacion-empresas-de-Calig/1
Castellon;Canet Lo Roig;http://www.axesor.es/directorio-informacion-empresas/empresas-de-Castellon/informacion-empresas-de-Canet-Lo-Roig/1
Castellon;Castell De Cabres;http://www.axesor.es/directorio-informacion-empresas/empresas-de-Castellon/informacion-empresas-de-Castell-De-Cabres/1
Castellon;Castellfort;http://www.axesor.es/directorio-informacion-empresas/empresas-de-Castellon/informacion-empresas-de-Castellfort/1
Castellon;Castellnovo;http://www.axesor.es/directorio-informacion-empresas/empresas-de-Castellon/informacion-empresas-de-Castellnovo/1
Castellon;Castellon De La Plana/castello De La Plana;http://www.axesor.es/directorio-informacion-empresas/empresas-de-Castellon/informacion-empresas-de-Castellon-De-La-Plana-Castello-De-La-Plana/1
Castellon;Castillo De Villamalefa;http://www.axesor.es/directorio-informacion-empresas/empresas-de-Castellon/informacion-empresas-de-Castillo-De-Villamalefa/1
Castellon;Cati;http://www.axesor.es/directorio-informacion-empresas/empresas-de-Castellon/informacion-empresas-de-Cati/1
Castellon;Caudiel;http://www.axesor.es/directorio-informacion-empresas/empresas-de-Castellon/informacion-empresas-de-Caudiel/1
Castellon;Cervera Del Maestre;http://www.axesor.es/directorio-informacion-empresas/empresas-de-Castellon/informacion-empresas-de-Cervera-Del-Maestre/1
Castellon;Chert/xert;http://www.axesor.es/directorio-informacion-empresas/empresas-de-Castellon/informacion-empresas-de-Chert-Xert/1
Castellon;Chilches;http://www.axesor.es/directorio-informacion-empresas/empresas-de-Castellon/informacion-empresas-de-Chilches/1
Castellon;Chodos/xodos;http://www.axesor.es/directorio-informacion-empresas/empresas-de-Castellon/informacion-empresas-de-Chodos-Xodos/1
Castellon;Chovar;http://www.axesor.es/directorio-informacion-empresas/empresas-de-Castellon/informacion-empresas-de-Chovar/1
Castellon;Cinctorres;http://www.axesor.es/directorio-informacion-empresas/empresas-de-Castellon/informacion-empresas-de-Cinctorres/1
Castellon;Cirat;http://www.axesor.es/directorio-informacion-empresas/empresas-de-Castellon/informacion-empresas-de-Cirat/1
Castellon;Cortes De Arenoso;http://www.axesor.es/directorio-informacion-empresas/empresas-de-Castellon/informacion-empresas-de-Cortes-De-Arenoso/1
Castellon;Costur;http://www.axesor.es/directorio-informacion-empresas/empresas-de-Castellon/informacion-empresas-de-Costur/1
Castellon;Coves De Vinroma (les);http://www.axesor.es/directorio-informacion-empresas/empresas-de-Castellon/informacion-empresas-de-Coves-De-Vinroma-Les-/1
Castellon;Culla;http://www.axesor.es/directorio-informacion-empresas/empresas-de-Castellon/informacion-empresas-de-Culla/1
Castellon;Eslida;http://www.axesor.es/directorio-informacion-empresas/empresas-de-Castellon/informacion-empresas-de-Eslida/1
Castellon;Espadilla;http://www.axesor.es/directorio-informacion-empresas/empresas-de-Castellon/informacion-empresas-de-Espadilla/1
Castellon;Fanzara;http://www.axesor.es/directorio-informacion-empresas/empresas-de-Castellon/informacion-empresas-de-Fanzara/1
Castellon;Figueroles;http://www.axesor.es/directorio-informacion-empresas/empresas-de-Castellon/informacion-empresas-de-Figueroles/1
Castellon;Forcall;http://www.axesor.es/directorio-informacion-empresas/empresas-de-Castellon/informacion-empresas-de-Forcall/1
Castellon;Fuente La Reina;http://www.axesor.es/directorio-informacion-empresas/empresas-de-Castellon/informacion-empresas-de-Fuente-La-Reina/1
Castellon;Fuentes De Ayodar;http://www.axesor.es/directorio-informacion-empresas/empresas-de-Castellon/informacion-empresas-de-Fuentes-De-Ayodar/1
Castellon;Gaibiel;http://www.axesor.es/directorio-informacion-empresas/empresas-de-Castellon/informacion-empresas-de-Gaibiel/1
Castellon;Geldo;http://www.axesor.es/directorio-informacion-empresas/empresas-de-Castellon/informacion-empresas-de-Geldo/1
Castellon;Herbes;http://www.axesor.es/directorio-informacion-empresas/empresas-de-Castellon/informacion-empresas-de-Herbes/1
Castellon;Higueras;http://www.axesor.es/directorio-informacion-empresas/empresas-de-Castellon/informacion-empresas-de-Higueras/1
Castellon;Jana (la);http://www.axesor.es/directorio-informacion-empresas/empresas-de-Castellon/informacion-empresas-de-Jana-La-/1
Castellon;Jerica;http://www.axesor.es/directorio-informacion-empresas/empresas-de-Castellon/informacion-empresas-de-Jerica/1
Castellon;Llosa (la);http://www.axesor.es/directorio-informacion-empresas/empresas-de-Castellon/informacion-empresas-de-Llosa-La-/1
Castellon;Lucena Del Cid;http://www.axesor.es/directorio-informacion-empresas/empresas-de-Castellon/informacion-empresas-de-Lucena-Del-Cid/1
Castellon;Ludiente;http://www.axesor.es/directorio-informacion-empresas/empresas-de-Castellon/informacion-empresas-de-Ludiente/1
Castellon;Mata De Morella (la);http://www.axesor.es/directorio-informacion-empresas/empresas-de-Castellon/informacion-empresas-de-Mata-De-Morella-La-/1
Castellon;Matet;http://www.axesor.es/directorio-informacion-empresas/empresas-de-Castellon/informacion-empresas-de-Matet/1
Castellon;Moncofa;http://www.axesor.es/directorio-informacion-empresas/empresas-de-Castellon/informacion-empresas-de-Moncofa/1
Castellon;Montan;http://www.axesor.es/directorio-informacion-empresas/empresas-de-Castellon/informacion-empresas-de-Montan/1
Castellon;Montanejos;http://www.axesor.es/directorio-informacion-empresas/empresas-de-Castellon/informacion-empresas-de-Montanejos/1
Castellon;Morella;http://www.axesor.es/directorio-informacion-empresas/empresas-de-Castellon/informacion-empresas-de-Morella/1
Castellon;Navajas;http://www.axesor.es/directorio-informacion-empresas/empresas-de-Castellon/informacion-empresas-de-Navajas/1
Castellon;Nules;http://www.axesor.es/directorio-informacion-empresas/empresas-de-Castellon/informacion-empresas-de-Nules/1
Castellon;Olocau Del Rey;http://www.axesor.es/directorio-informacion-empresas/empresas-de-Castellon/informacion-empresas-de-Olocau-Del-Rey/1
Castellon;Onda;http://www.axesor.es/directorio-informacion-empresas/empresas-de-Castellon/informacion-empresas-de-Onda/1
Castellon;Oropesa Del Mar/orpesa;http://www.axesor.es/directorio-informacion-empresas/empresas-de-Castellon/informacion-empresas-de-Oropesa-Del-Mar-Orpesa/1
Castellon;Palanques;http://www.axesor.es/directorio-informacion-empresas/empresas-de-Castellon/informacion-empresas-de-Palanques/1
Castellon;Pavias;http://www.axesor.es/directorio-informacion-empresas/empresas-de-Castellon/informacion-empresas-de-Pavias/1
Castellon;Pe単iscola;http://www.axesor.es/directorio-informacion-empresas/empresas-de-Castellon/informacion-empresas-de-Peniscola/1
Castellon;Pina De Montalgrao;http://www.axesor.es/directorio-informacion-empresas/empresas-de-Castellon/informacion-empresas-de-Pina-De-Montalgrao/1
Castellon;Pobla De Benifassa (la);http://www.axesor.es/directorio-informacion-empresas/empresas-de-Castellon/informacion-empresas-de-Pobla-De-Benifassa-La-/1
Castellon;Pobla Tornesa (la);http://www.axesor.es/directorio-informacion-empresas/empresas-de-Castellon/informacion-empresas-de-Pobla-Tornesa-La-/1
Castellon;Portell De Morella;http://www.axesor.es/directorio-informacion-empresas/empresas-de-Castellon/informacion-empresas-de-Portell-De-Morella/1
Castellon;Puebla De Arenoso;http://www.axesor.es/directorio-informacion-empresas/empresas-de-Castellon/informacion-empresas-de-Puebla-De-Arenoso/1
Castellon;Ribesalbes;http://www.axesor.es/directorio-informacion-empresas/empresas-de-Castellon/informacion-empresas-de-Ribesalbes/1
Castellon;Rossell;http://www.axesor.es/directorio-informacion-empresas/empresas-de-Castellon/informacion-empresas-de-Rossell/1
Castellon;Saca単et;http://www.axesor.es/directorio-informacion-empresas/empresas-de-Castellon/informacion-empresas-de-Sacanet/1
Castellon;Salzadella (la);http://www.axesor.es/directorio-informacion-empresas/empresas-de-Castellon/informacion-empresas-de-Salzadella-La-/1
Castellon;San Jorge;http://www.axesor.es/directorio-informacion-empresas/empresas-de-Castellon/informacion-empresas-de-San-Jorge/1
Castellon;San Rafael Del Rio;http://www.axesor.es/directorio-informacion-empresas/empresas-de-Castellon/informacion-empresas-de-San-Rafael-Del-Rio/1
Castellon;Sant Joan De Moro;http://www.axesor.es/directorio-informacion-empresas/empresas-de-Castellon/informacion-empresas-de-Sant-Joan-De-Moro/1
Castellon;Sant Mateu;http://www.axesor.es/directorio-informacion-empresas/empresas-de-Castellon/informacion-empresas-de-Sant-Mateu/1
Castellon;Santa Magdalena De Pulpis;http://www.axesor.es/directorio-informacion-empresas/empresas-de-Castellon/informacion-empresas-de-Santa-Magdalena-De-Pulpis/1
Castellon;Sarratella;http://www.axesor.es/directorio-informacion-empresas/empresas-de-Castellon/informacion-empresas-de-Sarratella/1
Castellon;Segorbe;http://www.axesor.es/directorio-informacion-empresas/empresas-de-Castellon/informacion-empresas-de-Segorbe/1
Castellon;Sierra Engarceran;http://www.axesor.es/directorio-informacion-empresas/empresas-de-Castellon/informacion-empresas-de-Sierra-Engarceran/1
Castellon;Soneja;http://www.axesor.es/directorio-informacion-empresas/empresas-de-Castellon/informacion-empresas-de-Soneja/1
Castellon;Sot De Ferrer;http://www.axesor.es/directorio-informacion-empresas/empresas-de-Castellon/informacion-empresas-de-Sot-De-Ferrer/1
Castellon;Sueras/suera;http://www.axesor.es/directorio-informacion-empresas/empresas-de-Castellon/informacion-empresas-de-Sueras-Suera/1
Castellon;Tales;http://www.axesor.es/directorio-informacion-empresas/empresas-de-Castellon/informacion-empresas-de-Tales/1
Castellon;Teresa;http://www.axesor.es/directorio-informacion-empresas/empresas-de-Castellon/informacion-empresas-de-Teresa/1
Castellon;Tirig;http://www.axesor.es/directorio-informacion-empresas/empresas-de-Castellon/informacion-empresas-de-Tirig/1
Castellon;Todolella;http://www.axesor.es/directorio-informacion-empresas/empresas-de-Castellon/informacion-empresas-de-Todolella/1
Castellon;Toga;http://www.axesor.es/directorio-informacion-empresas/empresas-de-Castellon/informacion-empresas-de-Toga/1
Castellon;Toras;http://www.axesor.es/directorio-informacion-empresas/empresas-de-Castellon/informacion-empresas-de-Toras/1
Castellon;Toro (el);http://www.axesor.es/directorio-informacion-empresas/empresas-de-Castellon/informacion-empresas-de-Toro-El-/1
Castellon;Torralba Del Pinar;http://www.axesor.es/directorio-informacion-empresas/empresas-de-Castellon/informacion-empresas-de-Torralba-Del-Pinar/1
Castellon;Torre D'en Besora (la);http://www.axesor.es/directorio-informacion-empresas/empresas-de-Castellon/informacion-empresas-de-Torre-D-En-Besora-La-/1
Castellon;Torre Endomenech;http://www.axesor.es/directorio-informacion-empresas/empresas-de-Castellon/informacion-empresas-de-Torre-Endomenech/1
Castellon;Torreblanca;http://www.axesor.es/directorio-informacion-empresas/empresas-de-Castellon/informacion-empresas-de-Torreblanca/1
Castellon;Torrechiva;http://www.axesor.es/directorio-informacion-empresas/empresas-de-Castellon/informacion-empresas-de-Torrechiva/1
Castellon;Traiguera;http://www.axesor.es/directorio-informacion-empresas/empresas-de-Castellon/informacion-empresas-de-Traiguera/1
Castellon;Useras/useres (les);http://www.axesor.es/directorio-informacion-empresas/empresas-de-Castellon/informacion-empresas-de-Useras-Useres-Les-/1
Castellon;Vall D'alba;http://www.axesor.es/directorio-informacion-empresas/empresas-de-Castellon/informacion-empresas-de-Vall-D-Alba/1
Castellon;Vall D'uixo (la);http://www.axesor.es/directorio-informacion-empresas/empresas-de-Castellon/informacion-empresas-de-Vall-D-Uixo-La-/1
Castellon;Vall De Almonacid;http://www.axesor.es/directorio-informacion-empresas/empresas-de-Castellon/informacion-empresas-de-Vall-De-Almonacid/1
Castellon;Vallat;http://www.axesor.es/directorio-informacion-empresas/empresas-de-Castellon/informacion-empresas-de-Vallat/1
Castellon;Vallibona;http://www.axesor.es/directorio-informacion-empresas/empresas-de-Castellon/informacion-empresas-de-Vallibona/1
Castellon;Vilafames;http://www.axesor.es/directorio-informacion-empresas/empresas-de-Castellon/informacion-empresas-de-Vilafames/1
Castellon;Vilanova D'alcolea;http://www.axesor.es/directorio-informacion-empresas/empresas-de-Castellon/informacion-empresas-de-Vilanova-D-Alcolea/1
Castellon;Vilar De Canes;http://www.axesor.es/directorio-informacion-empresas/empresas-de-Castellon/informacion-empresas-de-Vilar-De-Canes/1
Castellon;Villafranca Del Cid;http://www.axesor.es/directorio-informacion-empresas/empresas-de-Castellon/informacion-empresas-de-Villafranca-Del-Cid/1
Castellon;Villahermosa Del Rio;http://www.axesor.es/directorio-informacion-empresas/empresas-de-Castellon/informacion-empresas-de-Villahermosa-Del-Rio/1
Castellon;Villamalur;http://www.axesor.es/directorio-informacion-empresas/empresas-de-Castellon/informacion-empresas-de-Villamalur/1
Castellon;Villanueva De Viver;http://www.axesor.es/directorio-informacion-empresas/empresas-de-Castellon/informacion-empresas-de-Villanueva-De-Viver/1
Castellon;Villarreal/vila-real;http://www.axesor.es/directorio-informacion-empresas/empresas-de-Castellon/informacion-empresas-de-Villarreal-Vila-Real/1
Castellon;Villavieja;http://www.axesor.es/directorio-informacion-empresas/empresas-de-Castellon/informacion-empresas-de-Villavieja/1
Castellon;Villores;http://www.axesor.es/directorio-informacion-empresas/empresas-de-Castellon/informacion-empresas-de-Villores/1
Castellon;Vinaros;http://www.axesor.es/directorio-informacion-empresas/empresas-de-Castellon/informacion-empresas-de-Vinaros/1
Castellon;Vistabella Del Maestrazgo;http://www.axesor.es/directorio-informacion-empresas/empresas-de-Castellon/informacion-empresas-de-Vistabella-Del-Maestrazgo/1
Castellon;Viver;http://www.axesor.es/directorio-informacion-empresas/empresas-de-Castellon/informacion-empresas-de-Viver/1
Castellon;Zorita Del Maestrazgo;http://www.axesor.es/directorio-informacion-empresas/empresas-de-Castellon/informacion-empresas-de-Zorita-Del-Maestrazgo/1
Castellon;Zucaina;http://www.axesor.es/directorio-informacion-empresas/empresas-de-Castellon/informacion-empresas-de-Zucaina/1
