Provincia;Municipio;URL
Leon;Acebedo;http://www.axesor.es/directorio-informacion-empresas/empresas-de-Leon/informacion-empresas-de-Acebedo/1
Leon;Algadefe;http://www.axesor.es/directorio-informacion-empresas/empresas-de-Leon/informacion-empresas-de-Algadefe/1
Leon;Alija Del Infantado;http://www.axesor.es/directorio-informacion-empresas/empresas-de-Leon/informacion-empresas-de-Alija-Del-Infantado/1
Leon;Almanza;http://www.axesor.es/directorio-informacion-empresas/empresas-de-Leon/informacion-empresas-de-Almanza/1
Leon;Antigua (la);http://www.axesor.es/directorio-informacion-empresas/empresas-de-Leon/informacion-empresas-de-Antigua-La-/1
Leon;Ardon;http://www.axesor.es/directorio-informacion-empresas/empresas-de-Leon/informacion-empresas-de-Ardon/1
Leon;Arganza;http://www.axesor.es/directorio-informacion-empresas/empresas-de-Leon/informacion-empresas-de-Arganza/1
Leon;Astorga;http://www.axesor.es/directorio-informacion-empresas/empresas-de-Leon/informacion-empresas-de-Astorga/1
Leon;Balboa;http://www.axesor.es/directorio-informacion-empresas/empresas-de-Leon/informacion-empresas-de-Balboa/1
Leon;Barjas;http://www.axesor.es/directorio-informacion-empresas/empresas-de-Leon/informacion-empresas-de-Barjas/1
Leon;Barrios De Luna (los);http://www.axesor.es/directorio-informacion-empresas/empresas-de-Leon/informacion-empresas-de-Barrios-De-Luna-Los-/1
Leon;Bañeza (la);http://www.axesor.es/directorio-informacion-empresas/empresas-de-Leon/informacion-empresas-de-Baneza-La-/1
Leon;Bembibre;http://www.axesor.es/directorio-informacion-empresas/empresas-de-Leon/informacion-empresas-de-Bembibre/1
Leon;Benavides;http://www.axesor.es/directorio-informacion-empresas/empresas-de-Leon/informacion-empresas-de-Benavides/1
Leon;Benuza;http://www.axesor.es/directorio-informacion-empresas/empresas-de-Leon/informacion-empresas-de-Benuza/1
Leon;Bercianos Del Paramo;http://www.axesor.es/directorio-informacion-empresas/empresas-de-Leon/informacion-empresas-de-Bercianos-Del-Paramo/1
Leon;Bercianos Del Real Camino;http://www.axesor.es/directorio-informacion-empresas/empresas-de-Leon/informacion-empresas-de-Bercianos-Del-Real-Camino/1
Leon;Berlanga Del Bierzo;http://www.axesor.es/directorio-informacion-empresas/empresas-de-Leon/informacion-empresas-de-Berlanga-Del-Bierzo/1
Leon;Boca De Huergano;http://www.axesor.es/directorio-informacion-empresas/empresas-de-Leon/informacion-empresas-de-Boca-De-Huergano/1
Leon;Borrenes;http://www.axesor.es/directorio-informacion-empresas/empresas-de-Leon/informacion-empresas-de-Borrenes/1
Leon;Boñar;http://www.axesor.es/directorio-informacion-empresas/empresas-de-Leon/informacion-empresas-de-Bonar/1
Leon;Brazuelo;http://www.axesor.es/directorio-informacion-empresas/empresas-de-Leon/informacion-empresas-de-Brazuelo/1
Leon;Burgo Ranero (el);http://www.axesor.es/directorio-informacion-empresas/empresas-de-Leon/informacion-empresas-de-Burgo-Ranero-El-/1
Leon;Buron;http://www.axesor.es/directorio-informacion-empresas/empresas-de-Leon/informacion-empresas-de-Buron/1
Leon;Bustillo Del Paramo;http://www.axesor.es/directorio-informacion-empresas/empresas-de-Leon/informacion-empresas-de-Bustillo-Del-Paramo/1
Leon;Cabañas Raras;http://www.axesor.es/directorio-informacion-empresas/empresas-de-Leon/informacion-empresas-de-Cabanas-Raras/1
Leon;Cabreros Del Rio;http://www.axesor.es/directorio-informacion-empresas/empresas-de-Leon/informacion-empresas-de-Cabreros-Del-Rio/1
Leon;Cabrillanes;http://www.axesor.es/directorio-informacion-empresas/empresas-de-Leon/informacion-empresas-de-Cabrillanes/1
Leon;Cacabelos;http://www.axesor.es/directorio-informacion-empresas/empresas-de-Leon/informacion-empresas-de-Cacabelos/1
Leon;Calzada Del Coto;http://www.axesor.es/directorio-informacion-empresas/empresas-de-Leon/informacion-empresas-de-Calzada-Del-Coto/1
Leon;Campazas;http://www.axesor.es/directorio-informacion-empresas/empresas-de-Leon/informacion-empresas-de-Campazas/1
Leon;Campo De Villavidel;http://www.axesor.es/directorio-informacion-empresas/empresas-de-Leon/informacion-empresas-de-Campo-De-Villavidel/1
Leon;Camponaraya;http://www.axesor.es/directorio-informacion-empresas/empresas-de-Leon/informacion-empresas-de-Camponaraya/1
Leon;Candin;http://www.axesor.es/directorio-informacion-empresas/empresas-de-Leon/informacion-empresas-de-Candin/1
Leon;Carmenes;http://www.axesor.es/directorio-informacion-empresas/empresas-de-Leon/informacion-empresas-de-Carmenes/1
Leon;Carracedelo;http://www.axesor.es/directorio-informacion-empresas/empresas-de-Leon/informacion-empresas-de-Carracedelo/1
Leon;Carrizo;http://www.axesor.es/directorio-informacion-empresas/empresas-de-Leon/informacion-empresas-de-Carrizo/1
Leon;Carrocera;http://www.axesor.es/directorio-informacion-empresas/empresas-de-Leon/informacion-empresas-de-Carrocera/1
Leon;Carucedo;http://www.axesor.es/directorio-informacion-empresas/empresas-de-Leon/informacion-empresas-de-Carucedo/1
Leon;Castilfale;http://www.axesor.es/directorio-informacion-empresas/empresas-de-Leon/informacion-empresas-de-Castilfale/1
Leon;Castrillo De Cabrera;http://www.axesor.es/directorio-informacion-empresas/empresas-de-Leon/informacion-empresas-de-Castrillo-De-Cabrera/1
Leon;Castrillo De La Valduerna;http://www.axesor.es/directorio-informacion-empresas/empresas-de-Leon/informacion-empresas-de-Castrillo-De-La-Valduerna/1
Leon;Castrocalbon;http://www.axesor.es/directorio-informacion-empresas/empresas-de-Leon/informacion-empresas-de-Castrocalbon/1
Leon;Castrocontrigo;http://www.axesor.es/directorio-informacion-empresas/empresas-de-Leon/informacion-empresas-de-Castrocontrigo/1
Leon;Castropodame;http://www.axesor.es/directorio-informacion-empresas/empresas-de-Leon/informacion-empresas-de-Castropodame/1
Leon;Castrotierra De Valmadrigal;http://www.axesor.es/directorio-informacion-empresas/empresas-de-Leon/informacion-empresas-de-Castrotierra-De-Valmadrigal/1
Leon;Cea;http://www.axesor.es/directorio-informacion-empresas/empresas-de-Leon/informacion-empresas-de-Cea/1
Leon;Cebanico;http://www.axesor.es/directorio-informacion-empresas/empresas-de-Leon/informacion-empresas-de-Cebanico/1
Leon;Cebrones Del Rio;http://www.axesor.es/directorio-informacion-empresas/empresas-de-Leon/informacion-empresas-de-Cebrones-Del-Rio/1
Leon;Chozas De Abajo;http://www.axesor.es/directorio-informacion-empresas/empresas-de-Leon/informacion-empresas-de-Chozas-De-Abajo/1
Leon;Cimanes De La Vega;http://www.axesor.es/directorio-informacion-empresas/empresas-de-Leon/informacion-empresas-de-Cimanes-De-La-Vega/1
Leon;Cimanes Del Tejar;http://www.axesor.es/directorio-informacion-empresas/empresas-de-Leon/informacion-empresas-de-Cimanes-Del-Tejar/1
Leon;Cistierna;http://www.axesor.es/directorio-informacion-empresas/empresas-de-Leon/informacion-empresas-de-Cistierna/1
Leon;Congosto;http://www.axesor.es/directorio-informacion-empresas/empresas-de-Leon/informacion-empresas-de-Congosto/1
Leon;Corbillos De Los Oteros;http://www.axesor.es/directorio-informacion-empresas/empresas-de-Leon/informacion-empresas-de-Corbillos-De-Los-Oteros/1
Leon;Corullon;http://www.axesor.es/directorio-informacion-empresas/empresas-de-Leon/informacion-empresas-de-Corullon/1
Leon;Cremenes;http://www.axesor.es/directorio-informacion-empresas/empresas-de-Leon/informacion-empresas-de-Cremenes/1
Leon;Cuadros;http://www.axesor.es/directorio-informacion-empresas/empresas-de-Leon/informacion-empresas-de-Cuadros/1
Leon;Cubillas De Los Oteros;http://www.axesor.es/directorio-informacion-empresas/empresas-de-Leon/informacion-empresas-de-Cubillas-De-Los-Oteros/1
Leon;Cubillas De Rueda;http://www.axesor.es/directorio-informacion-empresas/empresas-de-Leon/informacion-empresas-de-Cubillas-De-Rueda/1
Leon;Cubillos Del Sil;http://www.axesor.es/directorio-informacion-empresas/empresas-de-Leon/informacion-empresas-de-Cubillos-Del-Sil/1
Leon;Destriana;http://www.axesor.es/directorio-informacion-empresas/empresas-de-Leon/informacion-empresas-de-Destriana/1
Leon;Encinedo;http://www.axesor.es/directorio-informacion-empresas/empresas-de-Leon/informacion-empresas-de-Encinedo/1
Leon;Ercina (la);http://www.axesor.es/directorio-informacion-empresas/empresas-de-Leon/informacion-empresas-de-Ercina-La-/1
Leon;Escobar De Campos;http://www.axesor.es/directorio-informacion-empresas/empresas-de-Leon/informacion-empresas-de-Escobar-De-Campos/1
Leon;Fabero;http://www.axesor.es/directorio-informacion-empresas/empresas-de-Leon/informacion-empresas-de-Fabero/1
Leon;Folgoso De La Ribera;http://www.axesor.es/directorio-informacion-empresas/empresas-de-Leon/informacion-empresas-de-Folgoso-De-La-Ribera/1
Leon;Fresno De La Vega;http://www.axesor.es/directorio-informacion-empresas/empresas-de-Leon/informacion-empresas-de-Fresno-De-La-Vega/1
Leon;Fuentes De Carbajal;http://www.axesor.es/directorio-informacion-empresas/empresas-de-Leon/informacion-empresas-de-Fuentes-De-Carbajal/1
Leon;Garrafe De Torio;http://www.axesor.es/directorio-informacion-empresas/empresas-de-Leon/informacion-empresas-de-Garrafe-De-Torio/1
Leon;Gordaliza Del Pino;http://www.axesor.es/directorio-informacion-empresas/empresas-de-Leon/informacion-empresas-de-Gordaliza-Del-Pino/1
Leon;Gordoncillo;http://www.axesor.es/directorio-informacion-empresas/empresas-de-Leon/informacion-empresas-de-Gordoncillo/1
Leon;Gradefes;http://www.axesor.es/directorio-informacion-empresas/empresas-de-Leon/informacion-empresas-de-Gradefes/1
Leon;Grajal De Campos;http://www.axesor.es/directorio-informacion-empresas/empresas-de-Leon/informacion-empresas-de-Grajal-De-Campos/1
Leon;Gusendos De Los Oteros;http://www.axesor.es/directorio-informacion-empresas/empresas-de-Leon/informacion-empresas-de-Gusendos-De-Los-Oteros/1
Leon;Hospital De Orbigo;http://www.axesor.es/directorio-informacion-empresas/empresas-de-Leon/informacion-empresas-de-Hospital-De-Orbigo/1
Leon;Igueña;http://www.axesor.es/directorio-informacion-empresas/empresas-de-Leon/informacion-empresas-de-Iguena/1
Leon;Izagre;http://www.axesor.es/directorio-informacion-empresas/empresas-de-Leon/informacion-empresas-de-Izagre/1
Leon;Joarilla De Las Matas;http://www.axesor.es/directorio-informacion-empresas/empresas-de-Leon/informacion-empresas-de-Joarilla-De-Las-Matas/1
Leon;Laguna Dalga;http://www.axesor.es/directorio-informacion-empresas/empresas-de-Leon/informacion-empresas-de-Laguna-Dalga/1
Leon;Laguna De Negrillos;http://www.axesor.es/directorio-informacion-empresas/empresas-de-Leon/informacion-empresas-de-Laguna-De-Negrillos/1
Leon;Leon;http://www.axesor.es/directorio-informacion-empresas/empresas-de-Leon/informacion-empresas-de-Leon/1
Leon;Llamas De La Ribera;http://www.axesor.es/directorio-informacion-empresas/empresas-de-Leon/informacion-empresas-de-Llamas-De-La-Ribera/1
Leon;Lucillo;http://www.axesor.es/directorio-informacion-empresas/empresas-de-Leon/informacion-empresas-de-Lucillo/1
Leon;Luyego;http://www.axesor.es/directorio-informacion-empresas/empresas-de-Leon/informacion-empresas-de-Luyego/1
Leon;Magaz De Cepeda;http://www.axesor.es/directorio-informacion-empresas/empresas-de-Leon/informacion-empresas-de-Magaz-De-Cepeda/1
Leon;Mansilla De Las Mulas;http://www.axesor.es/directorio-informacion-empresas/empresas-de-Leon/informacion-empresas-de-Mansilla-De-Las-Mulas/1
Leon;Mansilla Mayor;http://www.axesor.es/directorio-informacion-empresas/empresas-de-Leon/informacion-empresas-de-Mansilla-Mayor/1
Leon;Maraña;http://www.axesor.es/directorio-informacion-empresas/empresas-de-Leon/informacion-empresas-de-Marana/1
Leon;Matadeon De Los Oteros;http://www.axesor.es/directorio-informacion-empresas/empresas-de-Leon/informacion-empresas-de-Matadeon-De-Los-Oteros/1
Leon;Matallana De Torio;http://www.axesor.es/directorio-informacion-empresas/empresas-de-Leon/informacion-empresas-de-Matallana-De-Torio/1
Leon;Matanza;http://www.axesor.es/directorio-informacion-empresas/empresas-de-Leon/informacion-empresas-de-Matanza/1
Leon;Molinaseca;http://www.axesor.es/directorio-informacion-empresas/empresas-de-Leon/informacion-empresas-de-Molinaseca/1
Leon;Murias De Paredes;http://www.axesor.es/directorio-informacion-empresas/empresas-de-Leon/informacion-empresas-de-Murias-De-Paredes/1
Leon;Noceda;http://www.axesor.es/directorio-informacion-empresas/empresas-de-Leon/informacion-empresas-de-Noceda/1
Leon;Oencia;http://www.axesor.es/directorio-informacion-empresas/empresas-de-Leon/informacion-empresas-de-Oencia/1
Leon;Omañas (las);http://www.axesor.es/directorio-informacion-empresas/empresas-de-Leon/informacion-empresas-de-Omanas-Las-/1
Leon;Onzonilla;http://www.axesor.es/directorio-informacion-empresas/empresas-de-Leon/informacion-empresas-de-Onzonilla/1
Leon;Oseja De Sajambre;http://www.axesor.es/directorio-informacion-empresas/empresas-de-Leon/informacion-empresas-de-Oseja-De-Sajambre/1
Leon;Pajares De Los Oteros;http://www.axesor.es/directorio-informacion-empresas/empresas-de-Leon/informacion-empresas-de-Pajares-De-Los-Oteros/1
Leon;Palacios De La Valduerna;http://www.axesor.es/directorio-informacion-empresas/empresas-de-Leon/informacion-empresas-de-Palacios-De-La-Valduerna/1
Leon;Palacios Del Sil;http://www.axesor.es/directorio-informacion-empresas/empresas-de-Leon/informacion-empresas-de-Palacios-Del-Sil/1
Leon;Paramo Del Sil;http://www.axesor.es/directorio-informacion-empresas/empresas-de-Leon/informacion-empresas-de-Paramo-Del-Sil/1
Leon;Peranzanes;http://www.axesor.es/directorio-informacion-empresas/empresas-de-Leon/informacion-empresas-de-Peranzanes/1
Leon;Pobladura De Pelayo Garcia;http://www.axesor.es/directorio-informacion-empresas/empresas-de-Leon/informacion-empresas-de-Pobladura-De-Pelayo-Garcia/1
Leon;Pola De Gordon (la);http://www.axesor.es/directorio-informacion-empresas/empresas-de-Leon/informacion-empresas-de-Pola-De-Gordon-La-/1
Leon;Ponferrada;http://www.axesor.es/directorio-informacion-empresas/empresas-de-Leon/informacion-empresas-de-Ponferrada/1
Leon;Posada De Valdeon;http://www.axesor.es/directorio-informacion-empresas/empresas-de-Leon/informacion-empresas-de-Posada-De-Valdeon/1
Leon;Pozuelo Del Paramo;http://www.axesor.es/directorio-informacion-empresas/empresas-de-Leon/informacion-empresas-de-Pozuelo-Del-Paramo/1
Leon;Prado De La Guzpeña;http://www.axesor.es/directorio-informacion-empresas/empresas-de-Leon/informacion-empresas-de-Prado-De-La-Guzpena/1
Leon;Priaranza Del Bierzo;http://www.axesor.es/directorio-informacion-empresas/empresas-de-Leon/informacion-empresas-de-Priaranza-Del-Bierzo/1
Leon;Prioro;http://www.axesor.es/directorio-informacion-empresas/empresas-de-Leon/informacion-empresas-de-Prioro/1
Leon;Puebla De Lillo;http://www.axesor.es/directorio-informacion-empresas/empresas-de-Leon/informacion-empresas-de-Puebla-De-Lillo/1
Leon;Puente De Domingo Florez;http://www.axesor.es/directorio-informacion-empresas/empresas-de-Leon/informacion-empresas-de-Puente-De-Domingo-Florez/1
Leon;Quintana Del Castillo;http://www.axesor.es/directorio-informacion-empresas/empresas-de-Leon/informacion-empresas-de-Quintana-Del-Castillo/1
Leon;Quintana Del Marco;http://www.axesor.es/directorio-informacion-empresas/empresas-de-Leon/informacion-empresas-de-Quintana-Del-Marco/1
Leon;Quintana Y Congosto;http://www.axesor.es/directorio-informacion-empresas/empresas-de-Leon/informacion-empresas-de-Quintana-Y-Congosto/1
Leon;Regueras De Arriba;http://www.axesor.es/directorio-informacion-empresas/empresas-de-Leon/informacion-empresas-de-Regueras-De-Arriba/1
Leon;Reyero;http://www.axesor.es/directorio-informacion-empresas/empresas-de-Leon/informacion-empresas-de-Reyero/1
Leon;Riaño;http://www.axesor.es/directorio-informacion-empresas/empresas-de-Leon/informacion-empresas-de-Riano/1
Leon;Riego De La Vega;http://www.axesor.es/directorio-informacion-empresas/empresas-de-Leon/informacion-empresas-de-Riego-De-La-Vega/1
Leon;Riello;http://www.axesor.es/directorio-informacion-empresas/empresas-de-Leon/informacion-empresas-de-Riello/1
Leon;Rioseco De Tapia;http://www.axesor.es/directorio-informacion-empresas/empresas-de-Leon/informacion-empresas-de-Rioseco-De-Tapia/1
Leon;Robla (la);http://www.axesor.es/directorio-informacion-empresas/empresas-de-Leon/informacion-empresas-de-Robla-La-/1
Leon;Roperuelos Del Paramo;http://www.axesor.es/directorio-informacion-empresas/empresas-de-Leon/informacion-empresas-de-Roperuelos-Del-Paramo/1
Leon;Sabero;http://www.axesor.es/directorio-informacion-empresas/empresas-de-Leon/informacion-empresas-de-Sabero/1
Leon;Sahagun;http://www.axesor.es/directorio-informacion-empresas/empresas-de-Leon/informacion-empresas-de-Sahagun/1
Leon;San Adrian Del Valle;http://www.axesor.es/directorio-informacion-empresas/empresas-de-Leon/informacion-empresas-de-San-Adrian-Del-Valle/1
Leon;San Andres Del Rabanedo;http://www.axesor.es/directorio-informacion-empresas/empresas-de-Leon/informacion-empresas-de-San-Andres-Del-Rabanedo/1
Leon;San Cristobal De La Polantera;http://www.axesor.es/directorio-informacion-empresas/empresas-de-Leon/informacion-empresas-de-San-Cristobal-De-La-Polantera/1
Leon;San Emiliano;http://www.axesor.es/directorio-informacion-empresas/empresas-de-Leon/informacion-empresas-de-San-Emiliano/1
Leon;San Esteban De Nogales;http://www.axesor.es/directorio-informacion-empresas/empresas-de-Leon/informacion-empresas-de-San-Esteban-De-Nogales/1
Leon;San Justo De La Vega;http://www.axesor.es/directorio-informacion-empresas/empresas-de-Leon/informacion-empresas-de-San-Justo-De-La-Vega/1
Leon;San Millan De Los Caballeros;http://www.axesor.es/directorio-informacion-empresas/empresas-de-Leon/informacion-empresas-de-San-Millan-De-Los-Caballeros/1
Leon;San Pedro Bercianos;http://www.axesor.es/directorio-informacion-empresas/empresas-de-Leon/informacion-empresas-de-San-Pedro-Bercianos/1
Leon;Sancedo;http://www.axesor.es/directorio-informacion-empresas/empresas-de-Leon/informacion-empresas-de-Sancedo/1
Leon;Santa Colomba De Curueño;http://www.axesor.es/directorio-informacion-empresas/empresas-de-Leon/informacion-empresas-de-Santa-Colomba-De-Curueno/1
Leon;Santa Colomba De Somoza;http://www.axesor.es/directorio-informacion-empresas/empresas-de-Leon/informacion-empresas-de-Santa-Colomba-De-Somoza/1
Leon;Santa Cristina De Valmadrigal;http://www.axesor.es/directorio-informacion-empresas/empresas-de-Leon/informacion-empresas-de-Santa-Cristina-De-Valmadrigal/1
Leon;Santa Elena De Jamuz;http://www.axesor.es/directorio-informacion-empresas/empresas-de-Leon/informacion-empresas-de-Santa-Elena-De-Jamuz/1
Leon;Santa Maria De La Isla;http://www.axesor.es/directorio-informacion-empresas/empresas-de-Leon/informacion-empresas-de-Santa-Maria-De-La-Isla/1
Leon;Santa Maria De Ordas;http://www.axesor.es/directorio-informacion-empresas/empresas-de-Leon/informacion-empresas-de-Santa-Maria-De-Ordas/1
Leon;Santa Maria Del Monte De Cea;http://www.axesor.es/directorio-informacion-empresas/empresas-de-Leon/informacion-empresas-de-Santa-Maria-Del-Monte-De-Cea/1
Leon;Santa Maria Del Paramo;http://www.axesor.es/directorio-informacion-empresas/empresas-de-Leon/informacion-empresas-de-Santa-Maria-Del-Paramo/1
Leon;Santa Marina Del Rey;http://www.axesor.es/directorio-informacion-empresas/empresas-de-Leon/informacion-empresas-de-Santa-Marina-Del-Rey/1
Leon;Santas Martas;http://www.axesor.es/directorio-informacion-empresas/empresas-de-Leon/informacion-empresas-de-Santas-Martas/1
Leon;Santiago Millas;http://www.axesor.es/directorio-informacion-empresas/empresas-de-Leon/informacion-empresas-de-Santiago-Millas/1
Leon;Santovenia De La Valdoncina;http://www.axesor.es/directorio-informacion-empresas/empresas-de-Leon/informacion-empresas-de-Santovenia-De-La-Valdoncina/1
Leon;Sariegos;http://www.axesor.es/directorio-informacion-empresas/empresas-de-Leon/informacion-empresas-de-Sariegos/1
Leon;Sena De Luna;http://www.axesor.es/directorio-informacion-empresas/empresas-de-Leon/informacion-empresas-de-Sena-De-Luna/1
Leon;Sobrado;http://www.axesor.es/directorio-informacion-empresas/empresas-de-Leon/informacion-empresas-de-Sobrado/1
Leon;Soto De La Vega;http://www.axesor.es/directorio-informacion-empresas/empresas-de-Leon/informacion-empresas-de-Soto-De-La-Vega/1
Leon;Soto Y Amio;http://www.axesor.es/directorio-informacion-empresas/empresas-de-Leon/informacion-empresas-de-Soto-Y-Amio/1
Leon;Toral De Los Guzmanes;http://www.axesor.es/directorio-informacion-empresas/empresas-de-Leon/informacion-empresas-de-Toral-De-Los-Guzmanes/1
Leon;Toral De Los Vados;http://www.axesor.es/directorio-informacion-empresas/empresas-de-Leon/informacion-empresas-de-Toral-De-Los-Vados/1
Leon;Toreno;http://www.axesor.es/directorio-informacion-empresas/empresas-de-Leon/informacion-empresas-de-Toreno/1
Leon;Torre Del Bierzo;http://www.axesor.es/directorio-informacion-empresas/empresas-de-Leon/informacion-empresas-de-Torre-Del-Bierzo/1
Leon;Trabadelo;http://www.axesor.es/directorio-informacion-empresas/empresas-de-Leon/informacion-empresas-de-Trabadelo/1
Leon;Truchas;http://www.axesor.es/directorio-informacion-empresas/empresas-de-Leon/informacion-empresas-de-Truchas/1
Leon;Turcia;http://www.axesor.es/directorio-informacion-empresas/empresas-de-Leon/informacion-empresas-de-Turcia/1
Leon;Urdiales Del Paramo;http://www.axesor.es/directorio-informacion-empresas/empresas-de-Leon/informacion-empresas-de-Urdiales-Del-Paramo/1
Leon;Val De San Lorenzo;http://www.axesor.es/directorio-informacion-empresas/empresas-de-Leon/informacion-empresas-de-Val-De-San-Lorenzo/1
Leon;Valdefresno;http://www.axesor.es/directorio-informacion-empresas/empresas-de-Leon/informacion-empresas-de-Valdefresno/1
Leon;Valdefuentes Del Paramo;http://www.axesor.es/directorio-informacion-empresas/empresas-de-Leon/informacion-empresas-de-Valdefuentes-Del-Paramo/1
Leon;Valdelugueros;http://www.axesor.es/directorio-informacion-empresas/empresas-de-Leon/informacion-empresas-de-Valdelugueros/1
Leon;Valdemora;http://www.axesor.es/directorio-informacion-empresas/empresas-de-Leon/informacion-empresas-de-Valdemora/1
Leon;Valdepielago;http://www.axesor.es/directorio-informacion-empresas/empresas-de-Leon/informacion-empresas-de-Valdepielago/1
Leon;Valdepolo;http://www.axesor.es/directorio-informacion-empresas/empresas-de-Leon/informacion-empresas-de-Valdepolo/1
Leon;Valderas;http://www.axesor.es/directorio-informacion-empresas/empresas-de-Leon/informacion-empresas-de-Valderas/1
Leon;Valderrey;http://www.axesor.es/directorio-informacion-empresas/empresas-de-Leon/informacion-empresas-de-Valderrey/1
Leon;Valderrueda;http://www.axesor.es/directorio-informacion-empresas/empresas-de-Leon/informacion-empresas-de-Valderrueda/1
Leon;Valdesamario;http://www.axesor.es/directorio-informacion-empresas/empresas-de-Leon/informacion-empresas-de-Valdesamario/1
Leon;Valdevimbre;http://www.axesor.es/directorio-informacion-empresas/empresas-de-Leon/informacion-empresas-de-Valdevimbre/1
Leon;Valencia De Don Juan;http://www.axesor.es/directorio-informacion-empresas/empresas-de-Leon/informacion-empresas-de-Valencia-De-Don-Juan/1
Leon;Vallecillo;http://www.axesor.es/directorio-informacion-empresas/empresas-de-Leon/informacion-empresas-de-Vallecillo/1
Leon;Valverde De La Virgen;http://www.axesor.es/directorio-informacion-empresas/empresas-de-Leon/informacion-empresas-de-Valverde-De-La-Virgen/1
Leon;Valverde-enrique;http://www.axesor.es/directorio-informacion-empresas/empresas-de-Leon/informacion-empresas-de-Valverde-Enrique/1
Leon;Vecilla (la);http://www.axesor.es/directorio-informacion-empresas/empresas-de-Leon/informacion-empresas-de-Vecilla-La-/1
Leon;Vega De Espinareda;http://www.axesor.es/directorio-informacion-empresas/empresas-de-Leon/informacion-empresas-de-Vega-De-Espinareda/1
Leon;Vega De Infanzones;http://www.axesor.es/directorio-informacion-empresas/empresas-de-Leon/informacion-empresas-de-Vega-De-Infanzones/1
Leon;Vega De Valcarce;http://www.axesor.es/directorio-informacion-empresas/empresas-de-Leon/informacion-empresas-de-Vega-De-Valcarce/1
Leon;Vegacervera;http://www.axesor.es/directorio-informacion-empresas/empresas-de-Leon/informacion-empresas-de-Vegacervera/1
Leon;Vegaquemada;http://www.axesor.es/directorio-informacion-empresas/empresas-de-Leon/informacion-empresas-de-Vegaquemada/1
Leon;Vegas Del Condado;http://www.axesor.es/directorio-informacion-empresas/empresas-de-Leon/informacion-empresas-de-Vegas-Del-Condado/1
Leon;Villablino;http://www.axesor.es/directorio-informacion-empresas/empresas-de-Leon/informacion-empresas-de-Villablino/1
Leon;Villabraz;http://www.axesor.es/directorio-informacion-empresas/empresas-de-Leon/informacion-empresas-de-Villabraz/1
Leon;Villadangos Del Paramo;http://www.axesor.es/directorio-informacion-empresas/empresas-de-Leon/informacion-empresas-de-Villadangos-Del-Paramo/1
Leon;Villademor De La Vega;http://www.axesor.es/directorio-informacion-empresas/empresas-de-Leon/informacion-empresas-de-Villademor-De-La-Vega/1
Leon;Villafranca Del Bierzo;http://www.axesor.es/directorio-informacion-empresas/empresas-de-Leon/informacion-empresas-de-Villafranca-Del-Bierzo/1
Leon;Villagaton;http://www.axesor.es/directorio-informacion-empresas/empresas-de-Leon/informacion-empresas-de-Villagaton/1
Leon;Villamandos;http://www.axesor.es/directorio-informacion-empresas/empresas-de-Leon/informacion-empresas-de-Villamandos/1
Leon;Villamanin;http://www.axesor.es/directorio-informacion-empresas/empresas-de-Leon/informacion-empresas-de-Villamanin/1
Leon;Villamartin De Don Sancho;http://www.axesor.es/directorio-informacion-empresas/empresas-de-Leon/informacion-empresas-de-Villamartin-De-Don-Sancho/1
Leon;Villamañan;http://www.axesor.es/directorio-informacion-empresas/empresas-de-Leon/informacion-empresas-de-Villamanan/1
Leon;Villamejil;http://www.axesor.es/directorio-informacion-empresas/empresas-de-Leon/informacion-empresas-de-Villamejil/1
Leon;Villamol;http://www.axesor.es/directorio-informacion-empresas/empresas-de-Leon/informacion-empresas-de-Villamol/1
Leon;Villamontan De La Valduerna;http://www.axesor.es/directorio-informacion-empresas/empresas-de-Leon/informacion-empresas-de-Villamontan-De-La-Valduerna/1
Leon;Villamoratiel De Las Matas;http://www.axesor.es/directorio-informacion-empresas/empresas-de-Leon/informacion-empresas-de-Villamoratiel-De-Las-Matas/1
Leon;Villanueva De Las Manzanas;http://www.axesor.es/directorio-informacion-empresas/empresas-de-Leon/informacion-empresas-de-Villanueva-De-Las-Manzanas/1
Leon;Villaobispo De Otero;http://www.axesor.es/directorio-informacion-empresas/empresas-de-Leon/informacion-empresas-de-Villaobispo-De-Otero/1
Leon;Villaornate Y Castro;http://www.axesor.es/directorio-informacion-empresas/empresas-de-Leon/informacion-empresas-de-Villaornate-Y-Castro/1
Leon;Villaquejida;http://www.axesor.es/directorio-informacion-empresas/empresas-de-Leon/informacion-empresas-de-Villaquejida/1
Leon;Villaquilambre;http://www.axesor.es/directorio-informacion-empresas/empresas-de-Leon/informacion-empresas-de-Villaquilambre/1
Leon;Villarejo De Orbigo;http://www.axesor.es/directorio-informacion-empresas/empresas-de-Leon/informacion-empresas-de-Villarejo-De-Orbigo/1
Leon;Villares De Orbigo;http://www.axesor.es/directorio-informacion-empresas/empresas-de-Leon/informacion-empresas-de-Villares-De-Orbigo/1
Leon;Villasabariego;http://www.axesor.es/directorio-informacion-empresas/empresas-de-Leon/informacion-empresas-de-Villasabariego/1
Leon;Villaselan;http://www.axesor.es/directorio-informacion-empresas/empresas-de-Leon/informacion-empresas-de-Villaselan/1
Leon;Villaturiel;http://www.axesor.es/directorio-informacion-empresas/empresas-de-Leon/informacion-empresas-de-Villaturiel/1
Leon;Villazala;http://www.axesor.es/directorio-informacion-empresas/empresas-de-Leon/informacion-empresas-de-Villazala/1
Leon;Villazanzo De Valderaduey;http://www.axesor.es/directorio-informacion-empresas/empresas-de-Leon/informacion-empresas-de-Villazanzo-De-Valderaduey/1
Leon;Zotes Del Paramo;http://www.axesor.es/directorio-informacion-empresas/empresas-de-Leon/informacion-empresas-de-Zotes-Del-Paramo/1
