Provincia;Municipio;URL
Madrid;Acebeda (la);http://www.axesor.es/directorio-informacion-empresas/empresas-de-Madrid/informacion-empresas-de-Acebeda-La-/1
Madrid;Ajalvir;http://www.axesor.es/directorio-informacion-empresas/empresas-de-Madrid/informacion-empresas-de-Ajalvir/1
Madrid;Alameda Del Valle;http://www.axesor.es/directorio-informacion-empresas/empresas-de-Madrid/informacion-empresas-de-Alameda-Del-Valle/1
Madrid;Alamo (el);http://www.axesor.es/directorio-informacion-empresas/empresas-de-Madrid/informacion-empresas-de-Alamo-El-/1
Madrid;Alcala De Henares;http://www.axesor.es/directorio-informacion-empresas/empresas-de-Madrid/informacion-empresas-de-Alcala-De-Henares/1
Madrid;Alcobendas;http://www.axesor.es/directorio-informacion-empresas/empresas-de-Madrid/informacion-empresas-de-Alcobendas/1
Madrid;Alcorcon;http://www.axesor.es/directorio-informacion-empresas/empresas-de-Madrid/informacion-empresas-de-Alcorcon/1
Madrid;Aldea Del Fresno;http://www.axesor.es/directorio-informacion-empresas/empresas-de-Madrid/informacion-empresas-de-Aldea-Del-Fresno/1
Madrid;Algete;http://www.axesor.es/directorio-informacion-empresas/empresas-de-Madrid/informacion-empresas-de-Algete/1
Madrid;Alpedrete;http://www.axesor.es/directorio-informacion-empresas/empresas-de-Madrid/informacion-empresas-de-Alpedrete/1
Madrid;Ambite;http://www.axesor.es/directorio-informacion-empresas/empresas-de-Madrid/informacion-empresas-de-Ambite/1
Madrid;Anchuelo;http://www.axesor.es/directorio-informacion-empresas/empresas-de-Madrid/informacion-empresas-de-Anchuelo/1
Madrid;Aranjuez;http://www.axesor.es/directorio-informacion-empresas/empresas-de-Madrid/informacion-empresas-de-Aranjuez/1
Madrid;Arganda Del Rey;http://www.axesor.es/directorio-informacion-empresas/empresas-de-Madrid/informacion-empresas-de-Arganda-Del-Rey/1
Madrid;Arroyomolinos;http://www.axesor.es/directorio-informacion-empresas/empresas-de-Madrid/informacion-empresas-de-Arroyomolinos/1
Madrid;Atazar (el);http://www.axesor.es/directorio-informacion-empresas/empresas-de-Madrid/informacion-empresas-de-Atazar-El-/1
Madrid;Batres;http://www.axesor.es/directorio-informacion-empresas/empresas-de-Madrid/informacion-empresas-de-Batres/1
Madrid;Becerril De La Sierra;http://www.axesor.es/directorio-informacion-empresas/empresas-de-Madrid/informacion-empresas-de-Becerril-De-La-Sierra/1
Madrid;Belmonte De Tajo;http://www.axesor.es/directorio-informacion-empresas/empresas-de-Madrid/informacion-empresas-de-Belmonte-De-Tajo/1
Madrid;Berrueco (el);http://www.axesor.es/directorio-informacion-empresas/empresas-de-Madrid/informacion-empresas-de-Berrueco-El-/1
Madrid;Berzosa Del Lozoya;http://www.axesor.es/directorio-informacion-empresas/empresas-de-Madrid/informacion-empresas-de-Berzosa-Del-Lozoya/1
Madrid;Boadilla Del Monte;http://www.axesor.es/directorio-informacion-empresas/empresas-de-Madrid/informacion-empresas-de-Boadilla-Del-Monte/1
Madrid;Boalo (el);http://www.axesor.es/directorio-informacion-empresas/empresas-de-Madrid/informacion-empresas-de-Boalo-El-/1
Madrid;Braojos;http://www.axesor.es/directorio-informacion-empresas/empresas-de-Madrid/informacion-empresas-de-Braojos/1
Madrid;Brea De Tajo;http://www.axesor.es/directorio-informacion-empresas/empresas-de-Madrid/informacion-empresas-de-Brea-De-Tajo/1
Madrid;Brunete;http://www.axesor.es/directorio-informacion-empresas/empresas-de-Madrid/informacion-empresas-de-Brunete/1
Madrid;Buitrago Del Lozoya;http://www.axesor.es/directorio-informacion-empresas/empresas-de-Madrid/informacion-empresas-de-Buitrago-Del-Lozoya/1
Madrid;Bustarviejo;http://www.axesor.es/directorio-informacion-empresas/empresas-de-Madrid/informacion-empresas-de-Bustarviejo/1
Madrid;Cabanillas De La Sierra;http://www.axesor.es/directorio-informacion-empresas/empresas-de-Madrid/informacion-empresas-de-Cabanillas-De-La-Sierra/1
Madrid;Cabrera (la);http://www.axesor.es/directorio-informacion-empresas/empresas-de-Madrid/informacion-empresas-de-Cabrera-La-/1
Madrid;Cadalso De Los Vidrios;http://www.axesor.es/directorio-informacion-empresas/empresas-de-Madrid/informacion-empresas-de-Cadalso-De-Los-Vidrios/1
Madrid;Camarma De Esteruelas;http://www.axesor.es/directorio-informacion-empresas/empresas-de-Madrid/informacion-empresas-de-Camarma-De-Esteruelas/1
Madrid;Campo Real;http://www.axesor.es/directorio-informacion-empresas/empresas-de-Madrid/informacion-empresas-de-Campo-Real/1
Madrid;Canencia;http://www.axesor.es/directorio-informacion-empresas/empresas-de-Madrid/informacion-empresas-de-Canencia/1
Madrid;Carabaña;http://www.axesor.es/directorio-informacion-empresas/empresas-de-Madrid/informacion-empresas-de-Carabana/1
Madrid;Casarrubuelos;http://www.axesor.es/directorio-informacion-empresas/empresas-de-Madrid/informacion-empresas-de-Casarrubuelos/1
Madrid;Cenicientos;http://www.axesor.es/directorio-informacion-empresas/empresas-de-Madrid/informacion-empresas-de-Cenicientos/1
Madrid;Cercedilla;http://www.axesor.es/directorio-informacion-empresas/empresas-de-Madrid/informacion-empresas-de-Cercedilla/1
Madrid;Cervera De Buitrago;http://www.axesor.es/directorio-informacion-empresas/empresas-de-Madrid/informacion-empresas-de-Cervera-De-Buitrago/1
Madrid;Chapineria;http://www.axesor.es/directorio-informacion-empresas/empresas-de-Madrid/informacion-empresas-de-Chapineria/1
Madrid;Chinchon;http://www.axesor.es/directorio-informacion-empresas/empresas-de-Madrid/informacion-empresas-de-Chinchon/1
Madrid;Ciempozuelos;http://www.axesor.es/directorio-informacion-empresas/empresas-de-Madrid/informacion-empresas-de-Ciempozuelos/1
Madrid;Cobeña;http://www.axesor.es/directorio-informacion-empresas/empresas-de-Madrid/informacion-empresas-de-Cobena/1
Madrid;Collado Mediano;http://www.axesor.es/directorio-informacion-empresas/empresas-de-Madrid/informacion-empresas-de-Collado-Mediano/1
Madrid;Collado Villalba;http://www.axesor.es/directorio-informacion-empresas/empresas-de-Madrid/informacion-empresas-de-Collado-Villalba/1
Madrid;Colmenar De Oreja;http://www.axesor.es/directorio-informacion-empresas/empresas-de-Madrid/informacion-empresas-de-Colmenar-De-Oreja/1
Madrid;Colmenar Del Arroyo;http://www.axesor.es/directorio-informacion-empresas/empresas-de-Madrid/informacion-empresas-de-Colmenar-Del-Arroyo/1
Madrid;Colmenar Viejo;http://www.axesor.es/directorio-informacion-empresas/empresas-de-Madrid/informacion-empresas-de-Colmenar-Viejo/1
Madrid;Colmenarejo;http://www.axesor.es/directorio-informacion-empresas/empresas-de-Madrid/informacion-empresas-de-Colmenarejo/1
Madrid;Corpa;http://www.axesor.es/directorio-informacion-empresas/empresas-de-Madrid/informacion-empresas-de-Corpa/1
Madrid;Coslada;http://www.axesor.es/directorio-informacion-empresas/empresas-de-Madrid/informacion-empresas-de-Coslada/1
Madrid;Cubas De La Sagra;http://www.axesor.es/directorio-informacion-empresas/empresas-de-Madrid/informacion-empresas-de-Cubas-De-La-Sagra/1
Madrid;Daganzo De Arriba;http://www.axesor.es/directorio-informacion-empresas/empresas-de-Madrid/informacion-empresas-de-Daganzo-De-Arriba/1
Madrid;Escorial (el);http://www.axesor.es/directorio-informacion-empresas/empresas-de-Madrid/informacion-empresas-de-Escorial-El-/1
Madrid;Estremera;http://www.axesor.es/directorio-informacion-empresas/empresas-de-Madrid/informacion-empresas-de-Estremera/1
Madrid;Fresnedillas De La Oliva;http://www.axesor.es/directorio-informacion-empresas/empresas-de-Madrid/informacion-empresas-de-Fresnedillas-De-La-Oliva/1
Madrid;Fresno De Torote;http://www.axesor.es/directorio-informacion-empresas/empresas-de-Madrid/informacion-empresas-de-Fresno-De-Torote/1
Madrid;Fuenlabrada;http://www.axesor.es/directorio-informacion-empresas/empresas-de-Madrid/informacion-empresas-de-Fuenlabrada/1
Madrid;Fuente El Saz De Jarama;http://www.axesor.es/directorio-informacion-empresas/empresas-de-Madrid/informacion-empresas-de-Fuente-El-Saz-De-Jarama/1
Madrid;Fuentidueña De Tajo;http://www.axesor.es/directorio-informacion-empresas/empresas-de-Madrid/informacion-empresas-de-Fuentiduena-De-Tajo/1
Madrid;Galapagar;http://www.axesor.es/directorio-informacion-empresas/empresas-de-Madrid/informacion-empresas-de-Galapagar/1
Madrid;Garganta De Los Montes;http://www.axesor.es/directorio-informacion-empresas/empresas-de-Madrid/informacion-empresas-de-Garganta-De-Los-Montes/1
Madrid;Gargantilla Del Lozoya;http://www.axesor.es/directorio-informacion-empresas/empresas-de-Madrid/informacion-empresas-de-Gargantilla-Del-Lozoya/1
Madrid;Gascones;http://www.axesor.es/directorio-informacion-empresas/empresas-de-Madrid/informacion-empresas-de-Gascones/1
Madrid;Getafe;http://www.axesor.es/directorio-informacion-empresas/empresas-de-Madrid/informacion-empresas-de-Getafe/1
Madrid;Griñon;http://www.axesor.es/directorio-informacion-empresas/empresas-de-Madrid/informacion-empresas-de-Grinon/1
Madrid;Guadalix De La Sierra;http://www.axesor.es/directorio-informacion-empresas/empresas-de-Madrid/informacion-empresas-de-Guadalix-De-La-Sierra/1
Madrid;Guadarrama;http://www.axesor.es/directorio-informacion-empresas/empresas-de-Madrid/informacion-empresas-de-Guadarrama/1
Madrid;Hiruela (la);http://www.axesor.es/directorio-informacion-empresas/empresas-de-Madrid/informacion-empresas-de-Hiruela-La-/1
Madrid;Horcajo De La Sierra;http://www.axesor.es/directorio-informacion-empresas/empresas-de-Madrid/informacion-empresas-de-Horcajo-De-La-Sierra/1
Madrid;Horcajuelo De La Sierra;http://www.axesor.es/directorio-informacion-empresas/empresas-de-Madrid/informacion-empresas-de-Horcajuelo-De-La-Sierra/1
Madrid;Hoyo De Manzanares;http://www.axesor.es/directorio-informacion-empresas/empresas-de-Madrid/informacion-empresas-de-Hoyo-De-Manzanares/1
Madrid;Humanes De Madrid;http://www.axesor.es/directorio-informacion-empresas/empresas-de-Madrid/informacion-empresas-de-Humanes-De-Madrid/1
Madrid;Leganes;http://www.axesor.es/directorio-informacion-empresas/empresas-de-Madrid/informacion-empresas-de-Leganes/1
Madrid;Loeches;http://www.axesor.es/directorio-informacion-empresas/empresas-de-Madrid/informacion-empresas-de-Loeches/1
Madrid;Lozoya;http://www.axesor.es/directorio-informacion-empresas/empresas-de-Madrid/informacion-empresas-de-Lozoya/1
Madrid;Lozoyuela-navas-sieteiglesias;http://www.axesor.es/directorio-informacion-empresas/empresas-de-Madrid/informacion-empresas-de-Lozoyuela-Navas-Sieteiglesias/1
Madrid;Madarcos;http://www.axesor.es/directorio-informacion-empresas/empresas-de-Madrid/informacion-empresas-de-Madarcos/1
Madrid;Madrid;http://www.axesor.es/directorio-informacion-empresas/empresas-de-Madrid/informacion-empresas-de-Madrid/1
Madrid;Majadahonda;http://www.axesor.es/directorio-informacion-empresas/empresas-de-Madrid/informacion-empresas-de-Majadahonda/1
Madrid;Manzanares El Real;http://www.axesor.es/directorio-informacion-empresas/empresas-de-Madrid/informacion-empresas-de-Manzanares-El-Real/1
Madrid;Meco;http://www.axesor.es/directorio-informacion-empresas/empresas-de-Madrid/informacion-empresas-de-Meco/1
Madrid;Mejorada Del Campo;http://www.axesor.es/directorio-informacion-empresas/empresas-de-Madrid/informacion-empresas-de-Mejorada-Del-Campo/1
Madrid;Miraflores De La Sierra;http://www.axesor.es/directorio-informacion-empresas/empresas-de-Madrid/informacion-empresas-de-Miraflores-De-La-Sierra/1
Madrid;Molar (el);http://www.axesor.es/directorio-informacion-empresas/empresas-de-Madrid/informacion-empresas-de-Molar-El-/1
Madrid;Molinos (los);http://www.axesor.es/directorio-informacion-empresas/empresas-de-Madrid/informacion-empresas-de-Molinos-Los-/1
Madrid;Montejo De La Sierra;http://www.axesor.es/directorio-informacion-empresas/empresas-de-Madrid/informacion-empresas-de-Montejo-De-La-Sierra/1
Madrid;Moraleja De Enmedio;http://www.axesor.es/directorio-informacion-empresas/empresas-de-Madrid/informacion-empresas-de-Moraleja-De-Enmedio/1
Madrid;Moralzarzal;http://www.axesor.es/directorio-informacion-empresas/empresas-de-Madrid/informacion-empresas-de-Moralzarzal/1
Madrid;Morata De Tajuña;http://www.axesor.es/directorio-informacion-empresas/empresas-de-Madrid/informacion-empresas-de-Morata-De-Tajuna/1
Madrid;Mostoles;http://www.axesor.es/directorio-informacion-empresas/empresas-de-Madrid/informacion-empresas-de-Mostoles/1
Madrid;Navacerrada;http://www.axesor.es/directorio-informacion-empresas/empresas-de-Madrid/informacion-empresas-de-Navacerrada/1
Madrid;Navalafuente;http://www.axesor.es/directorio-informacion-empresas/empresas-de-Madrid/informacion-empresas-de-Navalafuente/1
Madrid;Navalagamella;http://www.axesor.es/directorio-informacion-empresas/empresas-de-Madrid/informacion-empresas-de-Navalagamella/1
Madrid;Navalcarnero;http://www.axesor.es/directorio-informacion-empresas/empresas-de-Madrid/informacion-empresas-de-Navalcarnero/1
Madrid;Navarredonda Y San Mames;http://www.axesor.es/directorio-informacion-empresas/empresas-de-Madrid/informacion-empresas-de-Navarredonda-Y-San-Mames/1
Madrid;Navas Del Rey;http://www.axesor.es/directorio-informacion-empresas/empresas-de-Madrid/informacion-empresas-de-Navas-Del-Rey/1
Madrid;Nuevo Baztan;http://www.axesor.es/directorio-informacion-empresas/empresas-de-Madrid/informacion-empresas-de-Nuevo-Baztan/1
Madrid;Olmeda De Las Fuentes;http://www.axesor.es/directorio-informacion-empresas/empresas-de-Madrid/informacion-empresas-de-Olmeda-De-Las-Fuentes/1
Madrid;Orusco De Tajuña;http://www.axesor.es/directorio-informacion-empresas/empresas-de-Madrid/informacion-empresas-de-Orusco-De-Tajuna/1
Madrid;Paracuellos De Jarama;http://www.axesor.es/directorio-informacion-empresas/empresas-de-Madrid/informacion-empresas-de-Paracuellos-De-Jarama/1
Madrid;Parla;http://www.axesor.es/directorio-informacion-empresas/empresas-de-Madrid/informacion-empresas-de-Parla/1
Madrid;Patones;http://www.axesor.es/directorio-informacion-empresas/empresas-de-Madrid/informacion-empresas-de-Patones/1
Madrid;Pedrezuela;http://www.axesor.es/directorio-informacion-empresas/empresas-de-Madrid/informacion-empresas-de-Pedrezuela/1
Madrid;Pelayos De La Presa;http://www.axesor.es/directorio-informacion-empresas/empresas-de-Madrid/informacion-empresas-de-Pelayos-De-La-Presa/1
Madrid;Perales De Tajuña;http://www.axesor.es/directorio-informacion-empresas/empresas-de-Madrid/informacion-empresas-de-Perales-De-Tajuna/1
Madrid;Pezuela De Las Torres;http://www.axesor.es/directorio-informacion-empresas/empresas-de-Madrid/informacion-empresas-de-Pezuela-De-Las-Torres/1
Madrid;Pinilla Del Valle;http://www.axesor.es/directorio-informacion-empresas/empresas-de-Madrid/informacion-empresas-de-Pinilla-Del-Valle/1
Madrid;Pinto;http://www.axesor.es/directorio-informacion-empresas/empresas-de-Madrid/informacion-empresas-de-Pinto/1
Madrid;Piñuecar-gandullas;http://www.axesor.es/directorio-informacion-empresas/empresas-de-Madrid/informacion-empresas-de-Pinuecar-Gandullas/1
Madrid;Pozuelo De Alarcon;http://www.axesor.es/directorio-informacion-empresas/empresas-de-Madrid/informacion-empresas-de-Pozuelo-De-Alarcon/1
Madrid;Pozuelo Del Rey;http://www.axesor.es/directorio-informacion-empresas/empresas-de-Madrid/informacion-empresas-de-Pozuelo-Del-Rey/1
Madrid;Pradena Del Rincon;http://www.axesor.es/directorio-informacion-empresas/empresas-de-Madrid/informacion-empresas-de-Pradena-Del-Rincon/1
Madrid;Puebla De La Sierra;http://www.axesor.es/directorio-informacion-empresas/empresas-de-Madrid/informacion-empresas-de-Puebla-De-La-Sierra/1
Madrid;Puentes Viejas;http://www.axesor.es/directorio-informacion-empresas/empresas-de-Madrid/informacion-empresas-de-Puentes-Viejas/1
Madrid;Quijorna;http://www.axesor.es/directorio-informacion-empresas/empresas-de-Madrid/informacion-empresas-de-Quijorna/1
Madrid;Rascafria;http://www.axesor.es/directorio-informacion-empresas/empresas-de-Madrid/informacion-empresas-de-Rascafria/1
Madrid;Redueña;http://www.axesor.es/directorio-informacion-empresas/empresas-de-Madrid/informacion-empresas-de-Reduena/1
Madrid;Ribatejada;http://www.axesor.es/directorio-informacion-empresas/empresas-de-Madrid/informacion-empresas-de-Ribatejada/1
Madrid;Rivas-vaciamadrid;http://www.axesor.es/directorio-informacion-empresas/empresas-de-Madrid/informacion-empresas-de-Rivas-Vaciamadrid/1
Madrid;Robledillo De La Jara;http://www.axesor.es/directorio-informacion-empresas/empresas-de-Madrid/informacion-empresas-de-Robledillo-De-La-Jara/1
Madrid;Robledo De Chavela;http://www.axesor.es/directorio-informacion-empresas/empresas-de-Madrid/informacion-empresas-de-Robledo-De-Chavela/1
Madrid;Robregordo;http://www.axesor.es/directorio-informacion-empresas/empresas-de-Madrid/informacion-empresas-de-Robregordo/1
Madrid;Rozas De Madrid (las);http://www.axesor.es/directorio-informacion-empresas/empresas-de-Madrid/informacion-empresas-de-Rozas-De-Madrid-Las-/1
Madrid;Rozas De Puerto Real;http://www.axesor.es/directorio-informacion-empresas/empresas-de-Madrid/informacion-empresas-de-Rozas-De-Puerto-Real/1
Madrid;San Agustin De Guadalix;http://www.axesor.es/directorio-informacion-empresas/empresas-de-Madrid/informacion-empresas-de-San-Agustin-De-Guadalix/1
Madrid;San Fernando De Henares;http://www.axesor.es/directorio-informacion-empresas/empresas-de-Madrid/informacion-empresas-de-San-Fernando-De-Henares/1
Madrid;San Lorenzo De El Escorial;http://www.axesor.es/directorio-informacion-empresas/empresas-de-Madrid/informacion-empresas-de-San-Lorenzo-De-El-Escorial/1
Madrid;San Martin De La Vega;http://www.axesor.es/directorio-informacion-empresas/empresas-de-Madrid/informacion-empresas-de-San-Martin-De-La-Vega/1
Madrid;San Martin De Valdeiglesias;http://www.axesor.es/directorio-informacion-empresas/empresas-de-Madrid/informacion-empresas-de-San-Martin-De-Valdeiglesias/1
Madrid;San Sebastian De Los Reyes;http://www.axesor.es/directorio-informacion-empresas/empresas-de-Madrid/informacion-empresas-de-San-Sebastian-De-Los-Reyes/1
Madrid;Santa Maria De La Alameda;http://www.axesor.es/directorio-informacion-empresas/empresas-de-Madrid/informacion-empresas-de-Santa-Maria-De-La-Alameda/1
Madrid;Santorcaz;http://www.axesor.es/directorio-informacion-empresas/empresas-de-Madrid/informacion-empresas-de-Santorcaz/1
Madrid;Santos De La Humosa (los);http://www.axesor.es/directorio-informacion-empresas/empresas-de-Madrid/informacion-empresas-de-Santos-De-La-Humosa-Los-/1
Madrid;Serna Del Monte (la);http://www.axesor.es/directorio-informacion-empresas/empresas-de-Madrid/informacion-empresas-de-Serna-Del-Monte-La-/1
Madrid;Serranillos Del Valle;http://www.axesor.es/directorio-informacion-empresas/empresas-de-Madrid/informacion-empresas-de-Serranillos-Del-Valle/1
Madrid;Sevilla La Nueva;http://www.axesor.es/directorio-informacion-empresas/empresas-de-Madrid/informacion-empresas-de-Sevilla-La-Nueva/1
Madrid;Somosierra;http://www.axesor.es/directorio-informacion-empresas/empresas-de-Madrid/informacion-empresas-de-Somosierra/1
Madrid;Soto Del Real;http://www.axesor.es/directorio-informacion-empresas/empresas-de-Madrid/informacion-empresas-de-Soto-Del-Real/1
Madrid;Talamanca De Jarama;http://www.axesor.es/directorio-informacion-empresas/empresas-de-Madrid/informacion-empresas-de-Talamanca-De-Jarama/1
Madrid;Tielmes;http://www.axesor.es/directorio-informacion-empresas/empresas-de-Madrid/informacion-empresas-de-Tielmes/1
Madrid;Titulcia;http://www.axesor.es/directorio-informacion-empresas/empresas-de-Madrid/informacion-empresas-de-Titulcia/1
Madrid;Torrejon De Ardoz;http://www.axesor.es/directorio-informacion-empresas/empresas-de-Madrid/informacion-empresas-de-Torrejon-De-Ardoz/1
Madrid;Torrejon De La Calzada;http://www.axesor.es/directorio-informacion-empresas/empresas-de-Madrid/informacion-empresas-de-Torrejon-De-La-Calzada/1
Madrid;Torrejon De Velasco;http://www.axesor.es/directorio-informacion-empresas/empresas-de-Madrid/informacion-empresas-de-Torrejon-De-Velasco/1
Madrid;Torrelaguna;http://www.axesor.es/directorio-informacion-empresas/empresas-de-Madrid/informacion-empresas-de-Torrelaguna/1
Madrid;Torrelodones;http://www.axesor.es/directorio-informacion-empresas/empresas-de-Madrid/informacion-empresas-de-Torrelodones/1
Madrid;Torremocha De Jarama;http://www.axesor.es/directorio-informacion-empresas/empresas-de-Madrid/informacion-empresas-de-Torremocha-De-Jarama/1
Madrid;Torres De La Alameda;http://www.axesor.es/directorio-informacion-empresas/empresas-de-Madrid/informacion-empresas-de-Torres-De-La-Alameda/1
Madrid;Tres Cantos;http://www.axesor.es/directorio-informacion-empresas/empresas-de-Madrid/informacion-empresas-de-Tres-Cantos/1
Madrid;Valdaracete;http://www.axesor.es/directorio-informacion-empresas/empresas-de-Madrid/informacion-empresas-de-Valdaracete/1
Madrid;Valdeavero;http://www.axesor.es/directorio-informacion-empresas/empresas-de-Madrid/informacion-empresas-de-Valdeavero/1
Madrid;Valdelaguna;http://www.axesor.es/directorio-informacion-empresas/empresas-de-Madrid/informacion-empresas-de-Valdelaguna/1
Madrid;Valdemanco;http://www.axesor.es/directorio-informacion-empresas/empresas-de-Madrid/informacion-empresas-de-Valdemanco/1
Madrid;Valdemaqueda;http://www.axesor.es/directorio-informacion-empresas/empresas-de-Madrid/informacion-empresas-de-Valdemaqueda/1
Madrid;Valdemorillo;http://www.axesor.es/directorio-informacion-empresas/empresas-de-Madrid/informacion-empresas-de-Valdemorillo/1
Madrid;Valdemoro;http://www.axesor.es/directorio-informacion-empresas/empresas-de-Madrid/informacion-empresas-de-Valdemoro/1
Madrid;Valdeolmos-alalpardo;http://www.axesor.es/directorio-informacion-empresas/empresas-de-Madrid/informacion-empresas-de-Valdeolmos-Alalpardo/1
Madrid;Valdepielagos;http://www.axesor.es/directorio-informacion-empresas/empresas-de-Madrid/informacion-empresas-de-Valdepielagos/1
Madrid;Valdetorres De Jarama;http://www.axesor.es/directorio-informacion-empresas/empresas-de-Madrid/informacion-empresas-de-Valdetorres-De-Jarama/1
Madrid;Valdilecha;http://www.axesor.es/directorio-informacion-empresas/empresas-de-Madrid/informacion-empresas-de-Valdilecha/1
Madrid;Valverde De Alcala;http://www.axesor.es/directorio-informacion-empresas/empresas-de-Madrid/informacion-empresas-de-Valverde-De-Alcala/1
Madrid;Velilla De San Antonio;http://www.axesor.es/directorio-informacion-empresas/empresas-de-Madrid/informacion-empresas-de-Velilla-De-San-Antonio/1
Madrid;Vellon (el);http://www.axesor.es/directorio-informacion-empresas/empresas-de-Madrid/informacion-empresas-de-Vellon-El-/1
Madrid;Venturada;http://www.axesor.es/directorio-informacion-empresas/empresas-de-Madrid/informacion-empresas-de-Venturada/1
Madrid;Villa Del Prado;http://www.axesor.es/directorio-informacion-empresas/empresas-de-Madrid/informacion-empresas-de-Villa-Del-Prado/1
Madrid;Villaconejos;http://www.axesor.es/directorio-informacion-empresas/empresas-de-Madrid/informacion-empresas-de-Villaconejos/1
Madrid;Villalbilla;http://www.axesor.es/directorio-informacion-empresas/empresas-de-Madrid/informacion-empresas-de-Villalbilla/1
Madrid;Villamanrique De Tajo;http://www.axesor.es/directorio-informacion-empresas/empresas-de-Madrid/informacion-empresas-de-Villamanrique-De-Tajo/1
Madrid;Villamanta;http://www.axesor.es/directorio-informacion-empresas/empresas-de-Madrid/informacion-empresas-de-Villamanta/1
Madrid;Villamantilla;http://www.axesor.es/directorio-informacion-empresas/empresas-de-Madrid/informacion-empresas-de-Villamantilla/1
Madrid;Villanueva De La Cañada;http://www.axesor.es/directorio-informacion-empresas/empresas-de-Madrid/informacion-empresas-de-Villanueva-De-La-Canada/1
Madrid;Villanueva De Perales;http://www.axesor.es/directorio-informacion-empresas/empresas-de-Madrid/informacion-empresas-de-Villanueva-De-Perales/1
Madrid;Villanueva Del Pardillo;http://www.axesor.es/directorio-informacion-empresas/empresas-de-Madrid/informacion-empresas-de-Villanueva-Del-Pardillo/1
Madrid;Villar Del Olmo;http://www.axesor.es/directorio-informacion-empresas/empresas-de-Madrid/informacion-empresas-de-Villar-Del-Olmo/1
Madrid;Villarejo De Salvanes;http://www.axesor.es/directorio-informacion-empresas/empresas-de-Madrid/informacion-empresas-de-Villarejo-De-Salvanes/1
Madrid;Villaviciosa De Odon;http://www.axesor.es/directorio-informacion-empresas/empresas-de-Madrid/informacion-empresas-de-Villaviciosa-De-Odon/1
Madrid;Villavieja Del Lozoya;http://www.axesor.es/directorio-informacion-empresas/empresas-de-Madrid/informacion-empresas-de-Villavieja-Del-Lozoya/1
Madrid;Zarzalejo;http://www.axesor.es/directorio-informacion-empresas/empresas-de-Madrid/informacion-empresas-de-Zarzalejo/1
