Provincia;Municipio;URL
Navarra;Abaigar;http://www.axesor.es/directorio-informacion-empresas/empresas-de-Navarra/informacion-empresas-de-Abaigar/1
Navarra;Abarzuza;http://www.axesor.es/directorio-informacion-empresas/empresas-de-Navarra/informacion-empresas-de-Abarzuza/1
Navarra;Abaurregaina/abaurrea Alta;http://www.axesor.es/directorio-informacion-empresas/empresas-de-Navarra/informacion-empresas-de-Abaurregaina-Abaurrea-Alta/1
Navarra;Abaurrepea/abaurrea Baja;http://www.axesor.es/directorio-informacion-empresas/empresas-de-Navarra/informacion-empresas-de-Abaurrepea-Abaurrea-Baja/1
Navarra;Aberin;http://www.axesor.es/directorio-informacion-empresas/empresas-de-Navarra/informacion-empresas-de-Aberin/1
Navarra;Ablitas;http://www.axesor.es/directorio-informacion-empresas/empresas-de-Navarra/informacion-empresas-de-Ablitas/1
Navarra;Adios;http://www.axesor.es/directorio-informacion-empresas/empresas-de-Navarra/informacion-empresas-de-Adios/1
Navarra;Aguilar De Codes;http://www.axesor.es/directorio-informacion-empresas/empresas-de-Navarra/informacion-empresas-de-Aguilar-De-Codes/1
Navarra;Aibar/oibar;http://www.axesor.es/directorio-informacion-empresas/empresas-de-Navarra/informacion-empresas-de-Aibar-Oibar/1
Navarra;Allin;http://www.axesor.es/directorio-informacion-empresas/empresas-de-Navarra/informacion-empresas-de-Allin/1
Navarra;Allo;http://www.axesor.es/directorio-informacion-empresas/empresas-de-Navarra/informacion-empresas-de-Allo/1
Navarra;Altsasu/alsasua;http://www.axesor.es/directorio-informacion-empresas/empresas-de-Navarra/informacion-empresas-de-Altsasu-Alsasua/1
Navarra;Amescoa Baja;http://www.axesor.es/directorio-informacion-empresas/empresas-de-Navarra/informacion-empresas-de-Amescoa-Baja/1
Navarra;Ancin;http://www.axesor.es/directorio-informacion-empresas/empresas-de-Navarra/informacion-empresas-de-Ancin/1
Navarra;Andosilla;http://www.axesor.es/directorio-informacion-empresas/empresas-de-Navarra/informacion-empresas-de-Andosilla/1
Navarra;Ansoain;http://www.axesor.es/directorio-informacion-empresas/empresas-de-Navarra/informacion-empresas-de-Ansoain/1
Navarra;Anue;http://www.axesor.es/directorio-informacion-empresas/empresas-de-Navarra/informacion-empresas-de-Anue/1
Navarra;Aoiz/agoitz;http://www.axesor.es/directorio-informacion-empresas/empresas-de-Navarra/informacion-empresas-de-Aoiz-Agoitz/1
Navarra;Araitz;http://www.axesor.es/directorio-informacion-empresas/empresas-de-Navarra/informacion-empresas-de-Araitz/1
Navarra;Arakil;http://www.axesor.es/directorio-informacion-empresas/empresas-de-Navarra/informacion-empresas-de-Arakil/1
Navarra;Aranarache;http://www.axesor.es/directorio-informacion-empresas/empresas-de-Navarra/informacion-empresas-de-Aranarache/1
Navarra;Aranguren;http://www.axesor.es/directorio-informacion-empresas/empresas-de-Navarra/informacion-empresas-de-Aranguren/1
Navarra;Arano;http://www.axesor.es/directorio-informacion-empresas/empresas-de-Navarra/informacion-empresas-de-Arano/1
Navarra;Arantza;http://www.axesor.es/directorio-informacion-empresas/empresas-de-Navarra/informacion-empresas-de-Arantza/1
Navarra;Aras;http://www.axesor.es/directorio-informacion-empresas/empresas-de-Navarra/informacion-empresas-de-Aras/1
Navarra;Arbizu;http://www.axesor.es/directorio-informacion-empresas/empresas-de-Navarra/informacion-empresas-de-Arbizu/1
Navarra;Arce/artzi;http://www.axesor.es/directorio-informacion-empresas/empresas-de-Navarra/informacion-empresas-de-Arce-Artzi/1
Navarra;Arcos (los);http://www.axesor.es/directorio-informacion-empresas/empresas-de-Navarra/informacion-empresas-de-Arcos-Los-/1
Navarra;Arellano;http://www.axesor.es/directorio-informacion-empresas/empresas-de-Navarra/informacion-empresas-de-Arellano/1
Navarra;Areso;http://www.axesor.es/directorio-informacion-empresas/empresas-de-Navarra/informacion-empresas-de-Areso/1
Navarra;Arguedas;http://www.axesor.es/directorio-informacion-empresas/empresas-de-Navarra/informacion-empresas-de-Arguedas/1
Navarra;Aria;http://www.axesor.es/directorio-informacion-empresas/empresas-de-Navarra/informacion-empresas-de-Aria/1
Navarra;Aribe;http://www.axesor.es/directorio-informacion-empresas/empresas-de-Navarra/informacion-empresas-de-Aribe/1
Navarra;Armañanzas;http://www.axesor.es/directorio-informacion-empresas/empresas-de-Navarra/informacion-empresas-de-Armananzas/1
Navarra;Arroniz;http://www.axesor.es/directorio-informacion-empresas/empresas-de-Navarra/informacion-empresas-de-Arroniz/1
Navarra;Arruazu;http://www.axesor.es/directorio-informacion-empresas/empresas-de-Navarra/informacion-empresas-de-Arruazu/1
Navarra;Artajona;http://www.axesor.es/directorio-informacion-empresas/empresas-de-Navarra/informacion-empresas-de-Artajona/1
Navarra;Artazu;http://www.axesor.es/directorio-informacion-empresas/empresas-de-Navarra/informacion-empresas-de-Artazu/1
Navarra;Atez;http://www.axesor.es/directorio-informacion-empresas/empresas-de-Navarra/informacion-empresas-de-Atez/1
Navarra;Auritz/burguete;http://www.axesor.es/directorio-informacion-empresas/empresas-de-Navarra/informacion-empresas-de-Auritz-Burguete/1
Navarra;Ayegui;http://www.axesor.es/directorio-informacion-empresas/empresas-de-Navarra/informacion-empresas-de-Ayegui/1
Navarra;Azagra;http://www.axesor.es/directorio-informacion-empresas/empresas-de-Navarra/informacion-empresas-de-Azagra/1
Navarra;Azuelo;http://www.axesor.es/directorio-informacion-empresas/empresas-de-Navarra/informacion-empresas-de-Azuelo/1
Navarra;Añorbe;http://www.axesor.es/directorio-informacion-empresas/empresas-de-Navarra/informacion-empresas-de-Anorbe/1
Navarra;Bakaiku;http://www.axesor.es/directorio-informacion-empresas/empresas-de-Navarra/informacion-empresas-de-Bakaiku/1
Navarra;Barasoain;http://www.axesor.es/directorio-informacion-empresas/empresas-de-Navarra/informacion-empresas-de-Barasoain/1
Navarra;Barañain;http://www.axesor.es/directorio-informacion-empresas/empresas-de-Navarra/informacion-empresas-de-Baranain/1
Navarra;Barbarin;http://www.axesor.es/directorio-informacion-empresas/empresas-de-Navarra/informacion-empresas-de-Barbarin/1
Navarra;Bargota;http://www.axesor.es/directorio-informacion-empresas/empresas-de-Navarra/informacion-empresas-de-Bargota/1
Navarra;Barillas;http://www.axesor.es/directorio-informacion-empresas/empresas-de-Navarra/informacion-empresas-de-Barillas/1
Navarra;Basaburua;http://www.axesor.es/directorio-informacion-empresas/empresas-de-Navarra/informacion-empresas-de-Basaburua/1
Navarra;Baztan;http://www.axesor.es/directorio-informacion-empresas/empresas-de-Navarra/informacion-empresas-de-Baztan/1
Navarra;Beintza-labaien;http://www.axesor.es/directorio-informacion-empresas/empresas-de-Navarra/informacion-empresas-de-Beintza-Labaien/1
Navarra;Beire;http://www.axesor.es/directorio-informacion-empresas/empresas-de-Navarra/informacion-empresas-de-Beire/1
Navarra;Belascoain;http://www.axesor.es/directorio-informacion-empresas/empresas-de-Navarra/informacion-empresas-de-Belascoain/1
Navarra;Bera/vera De Bidasoa;http://www.axesor.es/directorio-informacion-empresas/empresas-de-Navarra/informacion-empresas-de-Bera-Vera-De-Bidasoa/1
Navarra;Berbinzana;http://www.axesor.es/directorio-informacion-empresas/empresas-de-Navarra/informacion-empresas-de-Berbinzana/1
Navarra;Beriain;http://www.axesor.es/directorio-informacion-empresas/empresas-de-Navarra/informacion-empresas-de-Beriain/1
Navarra;Berrioplano;http://www.axesor.es/directorio-informacion-empresas/empresas-de-Navarra/informacion-empresas-de-Berrioplano/1
Navarra;Berriozar;http://www.axesor.es/directorio-informacion-empresas/empresas-de-Navarra/informacion-empresas-de-Berriozar/1
Navarra;Bertizarana;http://www.axesor.es/directorio-informacion-empresas/empresas-de-Navarra/informacion-empresas-de-Bertizarana/1
Navarra;Betelu;http://www.axesor.es/directorio-informacion-empresas/empresas-de-Navarra/informacion-empresas-de-Betelu/1
Navarra;Bidaurreta;http://www.axesor.es/directorio-informacion-empresas/empresas-de-Navarra/informacion-empresas-de-Bidaurreta/1
Navarra;Biurrun-olcoz;http://www.axesor.es/directorio-informacion-empresas/empresas-de-Navarra/informacion-empresas-de-Biurrun-Olcoz/1
Navarra;Burgui;http://www.axesor.es/directorio-informacion-empresas/empresas-de-Navarra/informacion-empresas-de-Burgui/1
Navarra;Burlada/burlata;http://www.axesor.es/directorio-informacion-empresas/empresas-de-Navarra/informacion-empresas-de-Burlada-Burlata/1
Navarra;Busto (el);http://www.axesor.es/directorio-informacion-empresas/empresas-de-Navarra/informacion-empresas-de-Busto-El-/1
Navarra;Buñuel;http://www.axesor.es/directorio-informacion-empresas/empresas-de-Navarra/informacion-empresas-de-Bunuel/1
Navarra;Cabanillas;http://www.axesor.es/directorio-informacion-empresas/empresas-de-Navarra/informacion-empresas-de-Cabanillas/1
Navarra;Cabredo;http://www.axesor.es/directorio-informacion-empresas/empresas-de-Navarra/informacion-empresas-de-Cabredo/1
Navarra;Cadreita;http://www.axesor.es/directorio-informacion-empresas/empresas-de-Navarra/informacion-empresas-de-Cadreita/1
Navarra;Caparroso;http://www.axesor.es/directorio-informacion-empresas/empresas-de-Navarra/informacion-empresas-de-Caparroso/1
Navarra;Carcar;http://www.axesor.es/directorio-informacion-empresas/empresas-de-Navarra/informacion-empresas-de-Carcar/1
Navarra;Carcastillo;http://www.axesor.es/directorio-informacion-empresas/empresas-de-Navarra/informacion-empresas-de-Carcastillo/1
Navarra;Cascante;http://www.axesor.es/directorio-informacion-empresas/empresas-de-Navarra/informacion-empresas-de-Cascante/1
Navarra;Caseda;http://www.axesor.es/directorio-informacion-empresas/empresas-de-Navarra/informacion-empresas-de-Caseda/1
Navarra;Castejon;http://www.axesor.es/directorio-informacion-empresas/empresas-de-Navarra/informacion-empresas-de-Castejon/1
Navarra;Castillonuevo;http://www.axesor.es/directorio-informacion-empresas/empresas-de-Navarra/informacion-empresas-de-Castillonuevo/1
Navarra;Cintruenigo;http://www.axesor.es/directorio-informacion-empresas/empresas-de-Navarra/informacion-empresas-de-Cintruenigo/1
Navarra;Cirauqui;http://www.axesor.es/directorio-informacion-empresas/empresas-de-Navarra/informacion-empresas-de-Cirauqui/1
Navarra;Ciriza;http://www.axesor.es/directorio-informacion-empresas/empresas-de-Navarra/informacion-empresas-de-Ciriza/1
Navarra;Cizur;http://www.axesor.es/directorio-informacion-empresas/empresas-de-Navarra/informacion-empresas-de-Cizur/1
Navarra;Corella;http://www.axesor.es/directorio-informacion-empresas/empresas-de-Navarra/informacion-empresas-de-Corella/1
Navarra;Cortes;http://www.axesor.es/directorio-informacion-empresas/empresas-de-Navarra/informacion-empresas-de-Cortes/1
Navarra;Desojo;http://www.axesor.es/directorio-informacion-empresas/empresas-de-Navarra/informacion-empresas-de-Desojo/1
Navarra;Dicastillo;http://www.axesor.es/directorio-informacion-empresas/empresas-de-Navarra/informacion-empresas-de-Dicastillo/1
Navarra;Donamaria;http://www.axesor.es/directorio-informacion-empresas/empresas-de-Navarra/informacion-empresas-de-Donamaria/1
Navarra;Doneztebe/santesteban;http://www.axesor.es/directorio-informacion-empresas/empresas-de-Navarra/informacion-empresas-de-Doneztebe-Santesteban/1
Navarra;Echarri;http://www.axesor.es/directorio-informacion-empresas/empresas-de-Navarra/informacion-empresas-de-Echarri/1
Navarra;Egues;http://www.axesor.es/directorio-informacion-empresas/empresas-de-Navarra/informacion-empresas-de-Egues/1
Navarra;Elgorriaga;http://www.axesor.es/directorio-informacion-empresas/empresas-de-Navarra/informacion-empresas-de-Elgorriaga/1
Navarra;Eneriz;http://www.axesor.es/directorio-informacion-empresas/empresas-de-Navarra/informacion-empresas-de-Eneriz/1
Navarra;Eratsun;http://www.axesor.es/directorio-informacion-empresas/empresas-de-Navarra/informacion-empresas-de-Eratsun/1
Navarra;Ergoiena;http://www.axesor.es/directorio-informacion-empresas/empresas-de-Navarra/informacion-empresas-de-Ergoiena/1
Navarra;Erro;http://www.axesor.es/directorio-informacion-empresas/empresas-de-Navarra/informacion-empresas-de-Erro/1
Navarra;Eslava;http://www.axesor.es/directorio-informacion-empresas/empresas-de-Navarra/informacion-empresas-de-Eslava/1
Navarra;Esparza De Salazar;http://www.axesor.es/directorio-informacion-empresas/empresas-de-Navarra/informacion-empresas-de-Esparza-De-Salazar/1
Navarra;Espronceda;http://www.axesor.es/directorio-informacion-empresas/empresas-de-Navarra/informacion-empresas-de-Espronceda/1
Navarra;Estella/lizarra;http://www.axesor.es/directorio-informacion-empresas/empresas-de-Navarra/informacion-empresas-de-Estella-Lizarra/1
Navarra;Esteribar;http://www.axesor.es/directorio-informacion-empresas/empresas-de-Navarra/informacion-empresas-de-Esteribar/1
Navarra;Etayo;http://www.axesor.es/directorio-informacion-empresas/empresas-de-Navarra/informacion-empresas-de-Etayo/1
Navarra;Etxalar;http://www.axesor.es/directorio-informacion-empresas/empresas-de-Navarra/informacion-empresas-de-Etxalar/1
Navarra;Etxarri-aranatz;http://www.axesor.es/directorio-informacion-empresas/empresas-de-Navarra/informacion-empresas-de-Etxarri-Aranatz/1
Navarra;Etxauri;http://www.axesor.es/directorio-informacion-empresas/empresas-de-Navarra/informacion-empresas-de-Etxauri/1
Navarra;Eulate;http://www.axesor.es/directorio-informacion-empresas/empresas-de-Navarra/informacion-empresas-de-Eulate/1
Navarra;Ezcabarte;http://www.axesor.es/directorio-informacion-empresas/empresas-de-Navarra/informacion-empresas-de-Ezcabarte/1
Navarra;Ezcaroz;http://www.axesor.es/directorio-informacion-empresas/empresas-de-Navarra/informacion-empresas-de-Ezcaroz/1
Navarra;Ezkurra;http://www.axesor.es/directorio-informacion-empresas/empresas-de-Navarra/informacion-empresas-de-Ezkurra/1
Navarra;Ezprogui;http://www.axesor.es/directorio-informacion-empresas/empresas-de-Navarra/informacion-empresas-de-Ezprogui/1
Navarra;Falces;http://www.axesor.es/directorio-informacion-empresas/empresas-de-Navarra/informacion-empresas-de-Falces/1
Navarra;Fitero;http://www.axesor.es/directorio-informacion-empresas/empresas-de-Navarra/informacion-empresas-de-Fitero/1
Navarra;Fontellas;http://www.axesor.es/directorio-informacion-empresas/empresas-de-Navarra/informacion-empresas-de-Fontellas/1
Navarra;Funes;http://www.axesor.es/directorio-informacion-empresas/empresas-de-Navarra/informacion-empresas-de-Funes/1
Navarra;Fustiñana;http://www.axesor.es/directorio-informacion-empresas/empresas-de-Navarra/informacion-empresas-de-Fustinana/1
Navarra;Galar;http://www.axesor.es/directorio-informacion-empresas/empresas-de-Navarra/informacion-empresas-de-Galar/1
Navarra;Gallipienzo;http://www.axesor.es/directorio-informacion-empresas/empresas-de-Navarra/informacion-empresas-de-Gallipienzo/1
Navarra;Gallues;http://www.axesor.es/directorio-informacion-empresas/empresas-de-Navarra/informacion-empresas-de-Gallues/1
Navarra;Garaioa;http://www.axesor.es/directorio-informacion-empresas/empresas-de-Navarra/informacion-empresas-de-Garaioa/1
Navarra;Garde;http://www.axesor.es/directorio-informacion-empresas/empresas-de-Navarra/informacion-empresas-de-Garde/1
Navarra;Garinoain;http://www.axesor.es/directorio-informacion-empresas/empresas-de-Navarra/informacion-empresas-de-Garinoain/1
Navarra;Garralda;http://www.axesor.es/directorio-informacion-empresas/empresas-de-Navarra/informacion-empresas-de-Garralda/1
Navarra;Goizueta;http://www.axesor.es/directorio-informacion-empresas/empresas-de-Navarra/informacion-empresas-de-Goizueta/1
Navarra;Goñi;http://www.axesor.es/directorio-informacion-empresas/empresas-de-Navarra/informacion-empresas-de-Goni/1
Navarra;Guesa;http://www.axesor.es/directorio-informacion-empresas/empresas-de-Navarra/informacion-empresas-de-Guesa/1
Navarra;Guesalaz;http://www.axesor.es/directorio-informacion-empresas/empresas-de-Navarra/informacion-empresas-de-Guesalaz/1
Navarra;Guirguillano;http://www.axesor.es/directorio-informacion-empresas/empresas-de-Navarra/informacion-empresas-de-Guirguillano/1
Navarra;Hiriberri/villanueva De Aezkoa;http://www.axesor.es/directorio-informacion-empresas/empresas-de-Navarra/informacion-empresas-de-Hiriberri-Villanueva-De-Aezkoa/1
Navarra;Huarte/uharte;http://www.axesor.es/directorio-informacion-empresas/empresas-de-Navarra/informacion-empresas-de-Huarte-Uharte/1
Navarra;Ibargoiti;http://www.axesor.es/directorio-informacion-empresas/empresas-de-Navarra/informacion-empresas-de-Ibargoiti/1
Navarra;Igantzi;http://www.axesor.es/directorio-informacion-empresas/empresas-de-Navarra/informacion-empresas-de-Igantzi/1
Navarra;Iguzquiza;http://www.axesor.es/directorio-informacion-empresas/empresas-de-Navarra/informacion-empresas-de-Iguzquiza/1
Navarra;Imotz;http://www.axesor.es/directorio-informacion-empresas/empresas-de-Navarra/informacion-empresas-de-Imotz/1
Navarra;Irañeta;http://www.axesor.es/directorio-informacion-empresas/empresas-de-Navarra/informacion-empresas-de-Iraneta/1
Navarra;Irurtzun;http://www.axesor.es/directorio-informacion-empresas/empresas-de-Navarra/informacion-empresas-de-Irurtzun/1
Navarra;Isaba/izaba;http://www.axesor.es/directorio-informacion-empresas/empresas-de-Navarra/informacion-empresas-de-Isaba-Izaba/1
Navarra;Ituren;http://www.axesor.es/directorio-informacion-empresas/empresas-de-Navarra/informacion-empresas-de-Ituren/1
Navarra;Iturmendi;http://www.axesor.es/directorio-informacion-empresas/empresas-de-Navarra/informacion-empresas-de-Iturmendi/1
Navarra;Iza;http://www.axesor.es/directorio-informacion-empresas/empresas-de-Navarra/informacion-empresas-de-Iza/1
Navarra;Izagaondoa;http://www.axesor.es/directorio-informacion-empresas/empresas-de-Navarra/informacion-empresas-de-Izagaondoa/1
Navarra;Izalzu;http://www.axesor.es/directorio-informacion-empresas/empresas-de-Navarra/informacion-empresas-de-Izalzu/1
Navarra;Jaurrieta;http://www.axesor.es/directorio-informacion-empresas/empresas-de-Navarra/informacion-empresas-de-Jaurrieta/1
Navarra;Javier;http://www.axesor.es/directorio-informacion-empresas/empresas-de-Navarra/informacion-empresas-de-Javier/1
Navarra;Juslapeña;http://www.axesor.es/directorio-informacion-empresas/empresas-de-Navarra/informacion-empresas-de-Juslapena/1
Navarra;Lakuntza;http://www.axesor.es/directorio-informacion-empresas/empresas-de-Navarra/informacion-empresas-de-Lakuntza/1
Navarra;Lana;http://www.axesor.es/directorio-informacion-empresas/empresas-de-Navarra/informacion-empresas-de-Lana/1
Navarra;Lantz;http://www.axesor.es/directorio-informacion-empresas/empresas-de-Navarra/informacion-empresas-de-Lantz/1
Navarra;Lapoblacion;http://www.axesor.es/directorio-informacion-empresas/empresas-de-Navarra/informacion-empresas-de-Lapoblacion/1
Navarra;Larraga;http://www.axesor.es/directorio-informacion-empresas/empresas-de-Navarra/informacion-empresas-de-Larraga/1
Navarra;Larraona;http://www.axesor.es/directorio-informacion-empresas/empresas-de-Navarra/informacion-empresas-de-Larraona/1
Navarra;Larraun;http://www.axesor.es/directorio-informacion-empresas/empresas-de-Navarra/informacion-empresas-de-Larraun/1
Navarra;Lazagurria;http://www.axesor.es/directorio-informacion-empresas/empresas-de-Navarra/informacion-empresas-de-Lazagurria/1
Navarra;Leache;http://www.axesor.es/directorio-informacion-empresas/empresas-de-Navarra/informacion-empresas-de-Leache/1
Navarra;Legarda;http://www.axesor.es/directorio-informacion-empresas/empresas-de-Navarra/informacion-empresas-de-Legarda/1
Navarra;Legaria;http://www.axesor.es/directorio-informacion-empresas/empresas-de-Navarra/informacion-empresas-de-Legaria/1
Navarra;Leitza;http://www.axesor.es/directorio-informacion-empresas/empresas-de-Navarra/informacion-empresas-de-Leitza/1
Navarra;Lekunberri;http://www.axesor.es/directorio-informacion-empresas/empresas-de-Navarra/informacion-empresas-de-Lekunberri/1
Navarra;Leoz;http://www.axesor.es/directorio-informacion-empresas/empresas-de-Navarra/informacion-empresas-de-Leoz/1
Navarra;Lerga;http://www.axesor.es/directorio-informacion-empresas/empresas-de-Navarra/informacion-empresas-de-Lerga/1
Navarra;Lerin;http://www.axesor.es/directorio-informacion-empresas/empresas-de-Navarra/informacion-empresas-de-Lerin/1
Navarra;Lesaka;http://www.axesor.es/directorio-informacion-empresas/empresas-de-Navarra/informacion-empresas-de-Lesaka/1
Navarra;Lezaun;http://www.axesor.es/directorio-informacion-empresas/empresas-de-Navarra/informacion-empresas-de-Lezaun/1
Navarra;Liedena;http://www.axesor.es/directorio-informacion-empresas/empresas-de-Navarra/informacion-empresas-de-Liedena/1
Navarra;Lizoain;http://www.axesor.es/directorio-informacion-empresas/empresas-de-Navarra/informacion-empresas-de-Lizoain/1
Navarra;Lodosa;http://www.axesor.es/directorio-informacion-empresas/empresas-de-Navarra/informacion-empresas-de-Lodosa/1
Navarra;Longuida;http://www.axesor.es/directorio-informacion-empresas/empresas-de-Navarra/informacion-empresas-de-Longuida/1
Navarra;Lumbier;http://www.axesor.es/directorio-informacion-empresas/empresas-de-Navarra/informacion-empresas-de-Lumbier/1
Navarra;Luquin;http://www.axesor.es/directorio-informacion-empresas/empresas-de-Navarra/informacion-empresas-de-Luquin/1
Navarra;Luzaide/valcarlos;http://www.axesor.es/directorio-informacion-empresas/empresas-de-Navarra/informacion-empresas-de-Luzaide-Valcarlos/1
Navarra;Marañon;http://www.axesor.es/directorio-informacion-empresas/empresas-de-Navarra/informacion-empresas-de-Maranon/1
Navarra;Marcilla;http://www.axesor.es/directorio-informacion-empresas/empresas-de-Navarra/informacion-empresas-de-Marcilla/1
Navarra;Mañeru;http://www.axesor.es/directorio-informacion-empresas/empresas-de-Navarra/informacion-empresas-de-Maneru/1
Navarra;Melida;http://www.axesor.es/directorio-informacion-empresas/empresas-de-Navarra/informacion-empresas-de-Melida/1
Navarra;Mendavia;http://www.axesor.es/directorio-informacion-empresas/empresas-de-Navarra/informacion-empresas-de-Mendavia/1
Navarra;Mendaza;http://www.axesor.es/directorio-informacion-empresas/empresas-de-Navarra/informacion-empresas-de-Mendaza/1
Navarra;Mendigorria;http://www.axesor.es/directorio-informacion-empresas/empresas-de-Navarra/informacion-empresas-de-Mendigorria/1
Navarra;Metauten;http://www.axesor.es/directorio-informacion-empresas/empresas-de-Navarra/informacion-empresas-de-Metauten/1
Navarra;Milagro;http://www.axesor.es/directorio-informacion-empresas/empresas-de-Navarra/informacion-empresas-de-Milagro/1
Navarra;Mirafuentes;http://www.axesor.es/directorio-informacion-empresas/empresas-de-Navarra/informacion-empresas-de-Mirafuentes/1
Navarra;Miranda De Arga;http://www.axesor.es/directorio-informacion-empresas/empresas-de-Navarra/informacion-empresas-de-Miranda-De-Arga/1
Navarra;Monreal;http://www.axesor.es/directorio-informacion-empresas/empresas-de-Navarra/informacion-empresas-de-Monreal/1
Navarra;Monteagudo;http://www.axesor.es/directorio-informacion-empresas/empresas-de-Navarra/informacion-empresas-de-Monteagudo/1
Navarra;Morentin;http://www.axesor.es/directorio-informacion-empresas/empresas-de-Navarra/informacion-empresas-de-Morentin/1
Navarra;Mues;http://www.axesor.es/directorio-informacion-empresas/empresas-de-Navarra/informacion-empresas-de-Mues/1
Navarra;Murchante;http://www.axesor.es/directorio-informacion-empresas/empresas-de-Navarra/informacion-empresas-de-Murchante/1
Navarra;Murieta;http://www.axesor.es/directorio-informacion-empresas/empresas-de-Navarra/informacion-empresas-de-Murieta/1
Navarra;Murillo El Cuende;http://www.axesor.es/directorio-informacion-empresas/empresas-de-Navarra/informacion-empresas-de-Murillo-El-Cuende/1
Navarra;Murillo El Fruto;http://www.axesor.es/directorio-informacion-empresas/empresas-de-Navarra/informacion-empresas-de-Murillo-El-Fruto/1
Navarra;Muruzabal;http://www.axesor.es/directorio-informacion-empresas/empresas-de-Navarra/informacion-empresas-de-Muruzabal/1
Navarra;Navascues;http://www.axesor.es/directorio-informacion-empresas/empresas-de-Navarra/informacion-empresas-de-Navascues/1
Navarra;Nazar;http://www.axesor.es/directorio-informacion-empresas/empresas-de-Navarra/informacion-empresas-de-Nazar/1
Navarra;Noain (valle De Elorz)/noain (elortzibar);http://www.axesor.es/directorio-informacion-empresas/empresas-de-Navarra/informacion-empresas-de-Noain-Valle-De-Elorz-Noain-Elortzibar-/1
Navarra;Obanos;http://www.axesor.es/directorio-informacion-empresas/empresas-de-Navarra/informacion-empresas-de-Obanos/1
Navarra;Ochagavia;http://www.axesor.es/directorio-informacion-empresas/empresas-de-Navarra/informacion-empresas-de-Ochagavia/1
Navarra;Oco;http://www.axesor.es/directorio-informacion-empresas/empresas-de-Navarra/informacion-empresas-de-Oco/1
Navarra;Odieta;http://www.axesor.es/directorio-informacion-empresas/empresas-de-Navarra/informacion-empresas-de-Odieta/1
Navarra;Oitz;http://www.axesor.es/directorio-informacion-empresas/empresas-de-Navarra/informacion-empresas-de-Oitz/1
Navarra;Olaibar;http://www.axesor.es/directorio-informacion-empresas/empresas-de-Navarra/informacion-empresas-de-Olaibar/1
Navarra;Olazti/olazagutia;http://www.axesor.es/directorio-informacion-empresas/empresas-de-Navarra/informacion-empresas-de-Olazti-Olazagutia/1
Navarra;Olejua;http://www.axesor.es/directorio-informacion-empresas/empresas-de-Navarra/informacion-empresas-de-Olejua/1
Navarra;Olite;http://www.axesor.es/directorio-informacion-empresas/empresas-de-Navarra/informacion-empresas-de-Olite/1
Navarra;Ollo;http://www.axesor.es/directorio-informacion-empresas/empresas-de-Navarra/informacion-empresas-de-Ollo/1
Navarra;Oloriz;http://www.axesor.es/directorio-informacion-empresas/empresas-de-Navarra/informacion-empresas-de-Oloriz/1
Navarra;Olza;http://www.axesor.es/directorio-informacion-empresas/empresas-de-Navarra/informacion-empresas-de-Olza/1
Navarra;Orbaitzeta;http://www.axesor.es/directorio-informacion-empresas/empresas-de-Navarra/informacion-empresas-de-Orbaitzeta/1
Navarra;Orbara;http://www.axesor.es/directorio-informacion-empresas/empresas-de-Navarra/informacion-empresas-de-Orbara/1
Navarra;Orcoyen;http://www.axesor.es/directorio-informacion-empresas/empresas-de-Navarra/informacion-empresas-de-Orcoyen/1
Navarra;Orisoain;http://www.axesor.es/directorio-informacion-empresas/empresas-de-Navarra/informacion-empresas-de-Orisoain/1
Navarra;Oronz;http://www.axesor.es/directorio-informacion-empresas/empresas-de-Navarra/informacion-empresas-de-Oronz/1
Navarra;Oroz-betelu;http://www.axesor.es/directorio-informacion-empresas/empresas-de-Navarra/informacion-empresas-de-Oroz-Betelu/1
Navarra;Orreaga/roncesvalles;http://www.axesor.es/directorio-informacion-empresas/empresas-de-Navarra/informacion-empresas-de-Orreaga-Roncesvalles/1
Navarra;Oteiza;http://www.axesor.es/directorio-informacion-empresas/empresas-de-Navarra/informacion-empresas-de-Oteiza/1
Navarra;Pamplona/iruña;http://www.axesor.es/directorio-informacion-empresas/empresas-de-Navarra/informacion-empresas-de-Pamplona-Iruna/1
Navarra;Peralta;http://www.axesor.es/directorio-informacion-empresas/empresas-de-Navarra/informacion-empresas-de-Peralta/1
Navarra;Petilla De Aragon;http://www.axesor.es/directorio-informacion-empresas/empresas-de-Navarra/informacion-empresas-de-Petilla-De-Aragon/1
Navarra;Piedramillera;http://www.axesor.es/directorio-informacion-empresas/empresas-de-Navarra/informacion-empresas-de-Piedramillera/1
Navarra;Pitillas;http://www.axesor.es/directorio-informacion-empresas/empresas-de-Navarra/informacion-empresas-de-Pitillas/1
Navarra;Puente La Reina/gares;http://www.axesor.es/directorio-informacion-empresas/empresas-de-Navarra/informacion-empresas-de-Puente-La-Reina-Gares/1
Navarra;Pueyo;http://www.axesor.es/directorio-informacion-empresas/empresas-de-Navarra/informacion-empresas-de-Pueyo/1
Navarra;Ribaforada;http://www.axesor.es/directorio-informacion-empresas/empresas-de-Navarra/informacion-empresas-de-Ribaforada/1
Navarra;Romanzado;http://www.axesor.es/directorio-informacion-empresas/empresas-de-Navarra/informacion-empresas-de-Romanzado/1
Navarra;Roncal;http://www.axesor.es/directorio-informacion-empresas/empresas-de-Navarra/informacion-empresas-de-Roncal/1
Navarra;Sada;http://www.axesor.es/directorio-informacion-empresas/empresas-de-Navarra/informacion-empresas-de-Sada/1
Navarra;Saldias;http://www.axesor.es/directorio-informacion-empresas/empresas-de-Navarra/informacion-empresas-de-Saldias/1
Navarra;Salinas De Oro;http://www.axesor.es/directorio-informacion-empresas/empresas-de-Navarra/informacion-empresas-de-Salinas-De-Oro/1
Navarra;San Adrian;http://www.axesor.es/directorio-informacion-empresas/empresas-de-Navarra/informacion-empresas-de-San-Adrian/1
Navarra;San Martin De Unx;http://www.axesor.es/directorio-informacion-empresas/empresas-de-Navarra/informacion-empresas-de-San-Martin-De-Unx/1
Navarra;Sanguesa/zangoza;http://www.axesor.es/directorio-informacion-empresas/empresas-de-Navarra/informacion-empresas-de-Sanguesa-Zangoza/1
Navarra;Sansol;http://www.axesor.es/directorio-informacion-empresas/empresas-de-Navarra/informacion-empresas-de-Sansol/1
Navarra;Santacara;http://www.axesor.es/directorio-informacion-empresas/empresas-de-Navarra/informacion-empresas-de-Santacara/1
Navarra;Sarries;http://www.axesor.es/directorio-informacion-empresas/empresas-de-Navarra/informacion-empresas-de-Sarries/1
Navarra;Sartaguda;http://www.axesor.es/directorio-informacion-empresas/empresas-de-Navarra/informacion-empresas-de-Sartaguda/1
Navarra;Sesma;http://www.axesor.es/directorio-informacion-empresas/empresas-de-Navarra/informacion-empresas-de-Sesma/1
Navarra;Sorlada;http://www.axesor.es/directorio-informacion-empresas/empresas-de-Navarra/informacion-empresas-de-Sorlada/1
Navarra;Sunbilla;http://www.axesor.es/directorio-informacion-empresas/empresas-de-Navarra/informacion-empresas-de-Sunbilla/1
Navarra;Tafalla;http://www.axesor.es/directorio-informacion-empresas/empresas-de-Navarra/informacion-empresas-de-Tafalla/1
Navarra;Tiebas-muruarte De Reta;http://www.axesor.es/directorio-informacion-empresas/empresas-de-Navarra/informacion-empresas-de-Tiebas-Muruarte-De-Reta/1
Navarra;Tirapu;http://www.axesor.es/directorio-informacion-empresas/empresas-de-Navarra/informacion-empresas-de-Tirapu/1
Navarra;Torralba Del Rio;http://www.axesor.es/directorio-informacion-empresas/empresas-de-Navarra/informacion-empresas-de-Torralba-Del-Rio/1
Navarra;Torres Del Rio;http://www.axesor.es/directorio-informacion-empresas/empresas-de-Navarra/informacion-empresas-de-Torres-Del-Rio/1
Navarra;Tudela;http://www.axesor.es/directorio-informacion-empresas/empresas-de-Navarra/informacion-empresas-de-Tudela/1
Navarra;Tulebras;http://www.axesor.es/directorio-informacion-empresas/empresas-de-Navarra/informacion-empresas-de-Tulebras/1
Navarra;Ucar;http://www.axesor.es/directorio-informacion-empresas/empresas-de-Navarra/informacion-empresas-de-Ucar/1
Navarra;Uharte-arakil;http://www.axesor.es/directorio-informacion-empresas/empresas-de-Navarra/informacion-empresas-de-Uharte-Arakil/1
Navarra;Ujue;http://www.axesor.es/directorio-informacion-empresas/empresas-de-Navarra/informacion-empresas-de-Ujue/1
Navarra;Ultzama;http://www.axesor.es/directorio-informacion-empresas/empresas-de-Navarra/informacion-empresas-de-Ultzama/1
Navarra;Unciti;http://www.axesor.es/directorio-informacion-empresas/empresas-de-Navarra/informacion-empresas-de-Unciti/1
Navarra;Unzue;http://www.axesor.es/directorio-informacion-empresas/empresas-de-Navarra/informacion-empresas-de-Unzue/1
Navarra;Urdazubi/urdax;http://www.axesor.es/directorio-informacion-empresas/empresas-de-Navarra/informacion-empresas-de-Urdazubi-Urdax/1
Navarra;Urdiain;http://www.axesor.es/directorio-informacion-empresas/empresas-de-Navarra/informacion-empresas-de-Urdiain/1
Navarra;Urraul Alto;http://www.axesor.es/directorio-informacion-empresas/empresas-de-Navarra/informacion-empresas-de-Urraul-Alto/1
Navarra;Urraul Bajo;http://www.axesor.es/directorio-informacion-empresas/empresas-de-Navarra/informacion-empresas-de-Urraul-Bajo/1
Navarra;Urrotz;http://www.axesor.es/directorio-informacion-empresas/empresas-de-Navarra/informacion-empresas-de-Urrotz/1
Navarra;Urroz;http://www.axesor.es/directorio-informacion-empresas/empresas-de-Navarra/informacion-empresas-de-Urroz/1
Navarra;Urzainqui;http://www.axesor.es/directorio-informacion-empresas/empresas-de-Navarra/informacion-empresas-de-Urzainqui/1
Navarra;Uterga;http://www.axesor.es/directorio-informacion-empresas/empresas-de-Navarra/informacion-empresas-de-Uterga/1
Navarra;Uztarroz/uztarroze;http://www.axesor.es/directorio-informacion-empresas/empresas-de-Navarra/informacion-empresas-de-Uztarroz-Uztarroze/1
Navarra;Valtierra;http://www.axesor.es/directorio-informacion-empresas/empresas-de-Navarra/informacion-empresas-de-Valtierra/1
Navarra;Viana;http://www.axesor.es/directorio-informacion-empresas/empresas-de-Navarra/informacion-empresas-de-Viana/1
Navarra;Vidangoz;http://www.axesor.es/directorio-informacion-empresas/empresas-de-Navarra/informacion-empresas-de-Vidangoz/1
Navarra;Villafranca;http://www.axesor.es/directorio-informacion-empresas/empresas-de-Navarra/informacion-empresas-de-Villafranca/1
Navarra;Villamayor De Monjardin;http://www.axesor.es/directorio-informacion-empresas/empresas-de-Navarra/informacion-empresas-de-Villamayor-De-Monjardin/1
Navarra;Villatuerta;http://www.axesor.es/directorio-informacion-empresas/empresas-de-Navarra/informacion-empresas-de-Villatuerta/1
Navarra;Villava/atarrabia;http://www.axesor.es/directorio-informacion-empresas/empresas-de-Navarra/informacion-empresas-de-Villava-Atarrabia/1
Navarra;Yerri;http://www.axesor.es/directorio-informacion-empresas/empresas-de-Navarra/informacion-empresas-de-Yerri/1
Navarra;Yesa;http://www.axesor.es/directorio-informacion-empresas/empresas-de-Navarra/informacion-empresas-de-Yesa/1
Navarra;Zabalza;http://www.axesor.es/directorio-informacion-empresas/empresas-de-Navarra/informacion-empresas-de-Zabalza/1
Navarra;Ziordia;http://www.axesor.es/directorio-informacion-empresas/empresas-de-Navarra/informacion-empresas-de-Ziordia/1
Navarra;Zizur Mayor/zizur Nagusia;http://www.axesor.es/directorio-informacion-empresas/empresas-de-Navarra/informacion-empresas-de-Zizur-Mayor-Zizur-Nagusia/1
Navarra;Zubieta;http://www.axesor.es/directorio-informacion-empresas/empresas-de-Navarra/informacion-empresas-de-Zubieta/1
Navarra;Zugarramurdi;http://www.axesor.es/directorio-informacion-empresas/empresas-de-Navarra/informacion-empresas-de-Zugarramurdi/1
Navarra;Zuñiga;http://www.axesor.es/directorio-informacion-empresas/empresas-de-Navarra/informacion-empresas-de-Zuniga/1
